node_id,scope,owner,trigger,sql_select,sql_insert,sql_update,sql_delete,sql_merge,execute_immediate,cursor,call_count
TRG_BLOCK:AFILIADO_CONTACTO_PREFERENCIA.ON-INSERT,BLOCK,AFILIADO_CONTACTO_PREFERENCIA,ON-INSERT,0,0,0,0,0,0,0,2
TRG_BLOCK:AFILIADO_CONTACTO_PREFERENCIA.POST-UPDATE,BLOCK,AFILIADO_CONTACTO_PREFERENCIA,POST-UPDATE,0,0,0,0,0,0,0,2
TRG_BLOCK:AFILIADO_CONTACTO_PREFERENCIA.PRE-UPDATE,BLOCK,AFILIADO_CONTACTO_PREFERENCIA,PRE-UPDATE,0,0,0,0,0,0,0,1
TRG_BLOCK:APLICA_ENDOSO.WHEN-NEW-BLOCK-INSTANCE,BLOCK,APLICA_ENDOSO,WHEN-NEW-BLOCK-INSTANCE,0,0,0,2,0,0,0,5
TRG_BLOCK:BK_SOLICITUD_REV_MEDICA.PRE-INSERT,BLOCK,BK_SOLICITUD_REV_MEDICA,PRE-INSERT,0,0,0,0,0,0,0,0
TRG_BLOCK:BUSCA_SERVICIO.WHEN-CREATE-RECORD,BLOCK,BUSCA_SERVICIO,WHEN-CREATE-RECORD,2,0,0,0,0,0,1,0
TRG_BLOCK:BUSCA_SERVICIO.WHEN-NEW-BLOCK-INSTANCE,BLOCK,BUSCA_SERVICIO,WHEN-NEW-BLOCK-INSTANCE,2,0,0,0,0,0,1,5
TRG_BLOCK:CALENDAR.KEY-DOWN,BLOCK,CALENDAR,KEY-DOWN,0,0,0,0,0,0,0,1
TRG_BLOCK:CALENDAR.KEY-ENTER,BLOCK,CALENDAR,KEY-ENTER,0,0,0,0,0,0,0,0
TRG_BLOCK:CALENDAR.KEY-NEXT-ITEM,BLOCK,CALENDAR,KEY-NEXT-ITEM,0,0,0,0,0,0,0,0
TRG_BLOCK:CALENDAR.KEY-NXTREC,BLOCK,CALENDAR,KEY-NXTREC,0,0,0,0,0,0,0,1
TRG_BLOCK:CALENDAR.KEY-OTHERS,BLOCK,CALENDAR,KEY-OTHERS,0,0,0,0,0,0,0,0
TRG_BLOCK:CALENDAR.KEY-PREV-ITEM,BLOCK,CALENDAR,KEY-PREV-ITEM,0,0,0,0,0,0,0,0
TRG_BLOCK:CALENDAR.KEY-PRVREC,BLOCK,CALENDAR,KEY-PRVREC,0,0,0,0,0,0,0,1
TRG_BLOCK:CALENDAR.KEY-UP,BLOCK,CALENDAR,KEY-UP,0,0,0,0,0,0,0,1
TRG_BLOCK:CALENDAR.WHEN-BUTTON-PRESSED,BLOCK,CALENDAR,WHEN-BUTTON-PRESSED,0,0,0,0,0,0,0,1
TRG_BLOCK:CALENDAR.WHEN-LIST-CHANGED,BLOCK,CALENDAR,WHEN-LIST-CHANGED,0,0,0,0,0,0,0,1
TRG_BLOCK:CALENDAR.WHEN-MOUSE-CLICK,BLOCK,CALENDAR,WHEN-MOUSE-CLICK,0,0,0,0,0,0,0,1
TRG_BLOCK:CALENDAR.WHEN-MOUSE-DOUBLECLICK,BLOCK,CALENDAR,WHEN-MOUSE-DOUBLECLICK,0,0,0,0,0,0,0,1
TRG_BLOCK:CALENDAR.WHEN-RADIO-CHANGED,BLOCK,CALENDAR,WHEN-RADIO-CHANGED,0,0,0,0,0,0,0,1
TRG_BLOCK:COBRO_INDEBIDO.WHEN-NEW-BLOCK-INSTANCE,BLOCK,COBRO_INDEBIDO,WHEN-NEW-BLOCK-INSTANCE,0,0,0,0,0,0,0,0
TRG_BLOCK:COMENTARIO_CON.WHEN-MOUSE-CLICK,BLOCK,COMENTARIO_CON,WHEN-MOUSE-CLICK,0,0,0,0,0,0,0,1
TRG_BLOCK:COMENTARIO_CON.WHEN-NEW-BLOCK-INSTANCE,BLOCK,COMENTARIO_CON,WHEN-NEW-BLOCK-INSTANCE,0,0,0,0,0,0,0,0
TRG_BLOCK:CORREO.KEY-COMMIT,BLOCK,CORREO,KEY-COMMIT,0,0,0,1,0,0,0,8
TRG_BLOCK:CORREO.KEY-DELREC,BLOCK,CORREO,KEY-DELREC,0,0,0,1,0,0,0,1
TRG_BLOCK:CORREO.PRE-UPDATE,BLOCK,CORREO,PRE-UPDATE,0,0,0,0,0,0,0,1
TRG_BLOCK:DEPENDIENTE.POST-QUERY,BLOCK,DEPENDIENTE,POST-QUERY,0,0,0,0,0,0,0,3
TRG_BLOCK:DETALLE_COBERTURA.WHEN-NEW-BLOCK-INSTANCE,BLOCK,DETALLE_COBERTURA,WHEN-NEW-BLOCK-INSTANCE,2,0,0,0,0,0,2,3
TRG_BLOCK:DOCUMENTO_PENDIENTES.POST-QUERY,BLOCK,DOCUMENTO_PENDIENTES,POST-QUERY,1,0,0,0,0,0,1,0
TRG_BLOCK:EXCEPCION_NEGOCIO.WHEN-NEW-BLOCK-INSTANCE,BLOCK,EXCEPCION_NEGOCIO,WHEN-NEW-BLOCK-INSTANCE,0,0,0,0,0,0,0,0
TRG_BLOCK:HISTORICO_CARTAS.POST-QUERY,BLOCK,HISTORICO_CARTAS,POST-QUERY,0,0,0,0,0,0,0,0
TRG_BLOCK:MOTIVOS_ANULACION.WHEN-NEW-BLOCK-INSTANCE,BLOCK,MOTIVOS_ANULACION,WHEN-NEW-BLOCK-INSTANCE,0,0,0,0,0,0,0,0
TRG_BLOCK:MOT_CAM_MED_PAG.PRE-INSERT,BLOCK,MOT_CAM_MED_PAG,PRE-INSERT,0,0,0,0,0,0,0,0
TRG_BLOCK:MOT_CAM_MED_PAG.PRE-UPDATE,BLOCK,MOT_CAM_MED_PAG,PRE-UPDATE,0,0,0,0,0,0,0,0
TRG_BLOCK:MSG_BLOQUEO.KEY-COMMIT,BLOCK,MSG_BLOQUEO,KEY-COMMIT,0,0,0,0,0,0,0,0
TRG_BLOCK:MSG_BLOQUEO.KEY-DOWN,BLOCK,MSG_BLOQUEO,KEY-DOWN,0,0,0,0,0,0,0,0
TRG_BLOCK:NEGOCIACION_PRESTADOR.WHEN-NEW-BLOCK-INSTANCE,BLOCK,NEGOCIACION_PRESTADOR,WHEN-NEW-BLOCK-INSTANCE,0,0,0,0,0,0,0,0
TRG_BLOCK:RADICACION.KEY-DELREC,BLOCK,RADICACION,KEY-DELREC,0,0,0,0,0,0,0,0
TRG_BLOCK:RADICACION.KEY-ENTQRY,BLOCK,RADICACION,KEY-ENTQRY,0,0,0,0,0,0,0,0
TRG_BLOCK:RADICACION.ON-CHECK-DELETE-MASTER,BLOCK,RADICACION,ON-CHECK-DELETE-MASTER,3,0,0,3,0,0,3,1
TRG_BLOCK:RADICACION.ON-ERROR,BLOCK,RADICACION,ON-ERROR,0,0,0,0,0,0,0,5
TRG_BLOCK:RADICACION.ON-POPULATE-DETAILS,BLOCK,RADICACION,ON-POPULATE-DETAILS,0,1,0,0,0,0,0,1
TRG_BLOCK:RADICACION.POST-INSERT,BLOCK,RADICACION,POST-INSERT,0,0,0,0,0,0,0,0
TRG_BLOCK:RADICACION.POST-QUERY,BLOCK,RADICACION,POST-QUERY,4,0,0,0,0,0,1,7
TRG_BLOCK:RADICACION.PRE-INSERT,BLOCK,RADICACION,PRE-INSERT,1,0,0,0,0,0,0,2
TRG_BLOCK:RADICACION.PRE-UPDATE,BLOCK,RADICACION,PRE-UPDATE,0,0,0,0,0,0,0,1
TRG_BLOCK:RADICACION.WHEN-CREATE-RECORD,BLOCK,RADICACION,WHEN-CREATE-RECORD,1,0,0,0,0,0,0,3
TRG_BLOCK:RADICACION.WHEN-NEW-RECORD-INSTANCE,BLOCK,RADICACION,WHEN-NEW-RECORD-INSTANCE,0,0,0,0,0,0,0,1
TRG_BLOCK:RADICACION.WHEN-VALIDATE-RECORD,BLOCK,RADICACION,WHEN-VALIDATE-RECORD,0,1,0,0,0,0,0,6
TRG_BLOCK:RESUMEN_RECLAMOS.POST-QUERY,BLOCK,RESUMEN_RECLAMOS,POST-QUERY,16,0,0,0,0,0,13,6
TRG_BLOCK:RESUMEN_RECLAMOS.WHEN-NEW-BLOCK-INSTANCE,BLOCK,RESUMEN_RECLAMOS,WHEN-NEW-BLOCK-INSTANCE,0,0,0,0,0,0,0,0
TRG_BLOCK:SOLICITUD_PAGO_DETALLE.PRE-INSERT,BLOCK,SOLICITUD_PAGO_DETALLE,PRE-INSERT,1,0,0,0,0,0,0,0
TRG_BLOCK:SOLICITUD_PAGO_DETALLE.PRE-UPDATE,BLOCK,SOLICITUD_PAGO_DETALLE,PRE-UPDATE,0,0,0,0,0,0,0,0
TRG_BLOCK:SOLICITUD_PAGO_DETALLE.WHEN-NEW-BLOCK-INSTANCE,BLOCK,SOLICITUD_PAGO_DETALLE,WHEN-NEW-BLOCK-INSTANCE,0,0,0,0,0,0,0,1
TRG_BLOCK:SOLICITUD_SERVICIO.ON-CHECK-DELETE-MASTER,BLOCK,SOLICITUD_SERVICIO,ON-CHECK-DELETE-MASTER,3,0,0,3,0,0,3,1
TRG_BLOCK:SOLICITUD_SERVICIO.ON-POPULATE-DETAILS,BLOCK,SOLICITUD_SERVICIO,ON-POPULATE-DETAILS,0,1,0,0,0,0,0,1
TRG_BLOCK:SOLICITUD_SERVICIO.POST-QUERY,BLOCK,SOLICITUD_SERVICIO,POST-QUERY,17,0,0,0,0,0,12,17
TRG_BLOCK:SOLICITUD_SERVICIO.PRE-INSERT,BLOCK,SOLICITUD_SERVICIO,PRE-INSERT,1,0,0,0,0,0,0,4
TRG_BLOCK:SOLICITUD_SERVICIO.PRE-UPDATE,BLOCK,SOLICITUD_SERVICIO,PRE-UPDATE,0,0,0,0,0,0,0,1
TRG_BLOCK:SOLICITUD_SERVICIO.WHEN-CREATE-RECORD,BLOCK,SOLICITUD_SERVICIO,WHEN-CREATE-RECORD,0,0,0,0,0,0,0,0
TRG_BLOCK:SOLICITUD_SERVICIO.WHEN-NEW-BLOCK-INSTANCE,BLOCK,SOLICITUD_SERVICIO,WHEN-NEW-BLOCK-INSTANCE,0,0,0,0,0,0,0,2
TRG_BLOCK:SOLICITUD_SERVICIO_DETALLE.ON-CHECK-DELETE-MASTER,BLOCK,SOLICITUD_SERVICIO_DETALLE,ON-CHECK-DELETE-MASTER,1,0,0,1,0,0,1,1
TRG_BLOCK:SOLICITUD_SERVICIO_DETALLE.ON-POPULATE-DETAILS,BLOCK,SOLICITUD_SERVICIO_DETALLE,ON-POPULATE-DETAILS,0,1,0,0,0,0,0,1
TRG_BLOCK:SOLICITUD_SERVICIO_DETALLE.POST-INSERT,BLOCK,SOLICITUD_SERVICIO_DETALLE,POST-INSERT,0,1,0,0,0,0,0,2
TRG_BLOCK:SOLICITUD_SERVICIO_DETALLE.POST-QUERY,BLOCK,SOLICITUD_SERVICIO_DETALLE,POST-QUERY,4,0,0,0,0,0,3,7
TRG_BLOCK:SOLICITUD_SERVICIO_DETALLE.PRE-DELETE,BLOCK,SOLICITUD_SERVICIO_DETALLE,PRE-DELETE,0,0,0,2,0,0,0,0
TRG_BLOCK:SOLICITUD_SERVICIO_DETALLE.PRE-INSERT,BLOCK,SOLICITUD_SERVICIO_DETALLE,PRE-INSERT,3,0,0,0,0,0,1,4
TRG_BLOCK:SOLICITUD_SERVICIO_DETALLE.PRE-UPDATE,BLOCK,SOLICITUD_SERVICIO_DETALLE,PRE-UPDATE,0,0,0,0,0,0,0,2
TRG_BLOCK:SOLICITUD_SERVICIO_DETALLE.WHEN-NEW-BLOCK-INSTANCE,BLOCK,SOLICITUD_SERVICIO_DETALLE,WHEN-NEW-BLOCK-INSTANCE,0,0,0,0,0,0,0,1
TRG_BLOCK:SOLICITUD_SERVICIO_DETALLE.WHEN-NEW-RECORD-INSTANCE,BLOCK,SOLICITUD_SERVICIO_DETALLE,WHEN-NEW-RECORD-INSTANCE,0,0,0,0,0,0,0,6
TRG_BLOCK:SOLICITUD_SERVICIO_DETALLE.WHEN-VALIDATE-RECORD,BLOCK,SOLICITUD_SERVICIO_DETALLE,WHEN-VALIDATE-RECORD,0,0,0,0,0,0,0,9
TRG_BLOCK:SOLICITUD_SERV_DIAG.POST-QUERY,BLOCK,SOLICITUD_SERV_DIAG,POST-QUERY,1,0,0,0,0,0,1,0
TRG_BLOCK:SOLICITUD_SERV_DIAG.PRE-INSERT,BLOCK,SOLICITUD_SERV_DIAG,PRE-INSERT,1,0,0,0,0,0,0,0
TRG_BLOCK:SOLICITUD_SERV_DIAG.PRE-UPDATE,BLOCK,SOLICITUD_SERV_DIAG,PRE-UPDATE,0,0,0,0,0,0,0,0
TRG_BLOCK:SOLICITUD_SERV_DIAG.WHEN-NEW-BLOCK-INSTANCE,BLOCK,SOLICITUD_SERV_DIAG,WHEN-NEW-BLOCK-INSTANCE,0,0,0,0,0,0,0,1
TRG_BLOCK:SOLICITUD_SERV_DIAG.WHEN-VALIDATE-RECORD,BLOCK,SOLICITUD_SERV_DIAG,WHEN-VALIDATE-RECORD,0,0,0,0,0,0,0,2
TRG_BLOCK:SOLICITUD_SERV_MOT.POST-QUERY,BLOCK,SOLICITUD_SERV_MOT,POST-QUERY,0,0,0,0,0,0,0,0
TRG_BLOCK:SOLICITUD_SERV_MOT.PRE-INSERT,BLOCK,SOLICITUD_SERV_MOT,PRE-INSERT,1,0,0,0,0,0,0,0
TRG_BLOCK:SOLICITUD_SERV_MOT.PRE-UPDATE,BLOCK,SOLICITUD_SERV_MOT,PRE-UPDATE,0,0,0,0,0,0,0,0
TRG_BLOCK:SOLICITUD_SERV_MOT.WHEN-CREATE-RECORD,BLOCK,SOLICITUD_SERV_MOT,WHEN-CREATE-RECORD,0,0,0,0,0,0,0,0
TRG_BLOCK:SOLICITUD_SERV_MOT.WHEN-NEW-BLOCK-INSTANCE,BLOCK,SOLICITUD_SERV_MOT,WHEN-NEW-BLOCK-INSTANCE,0,0,0,0,0,0,0,2
TRG_BLOCK:TARIFA_INCORRECTA.WHEN-NEW-BLOCK-INSTANCE,BLOCK,TARIFA_INCORRECTA,WHEN-NEW-BLOCK-INSTANCE,0,0,0,0,0,0,0,0
TRG_BLOCK:TELEFONO.KEY-COMMIT,BLOCK,TELEFONO,KEY-COMMIT,0,0,0,1,0,0,0,8
TRG_BLOCK:TELEFONO.KEY-DELREC,BLOCK,TELEFONO,KEY-DELREC,0,0,0,1,0,0,0,1
TRG_BLOCK:TELEFONO.POST-QUERY,BLOCK,TELEFONO,POST-QUERY,0,0,0,0,0,0,0,0
TRG_BLOCK:TOOLBAR.WHEN-BUTTON-PRESSED,BLOCK,TOOLBAR,WHEN-BUTTON-PRESSED,0,0,0,0,0,0,0,0
TRG_BLOCK:TOOLBAR.WHEN-MOUSE-ENTER,BLOCK,TOOLBAR,WHEN-MOUSE-ENTER,0,0,0,0,0,0,0,1
TRG_BLOCK:TOOLBAR.WHEN-MOUSE-LEAVE,BLOCK,TOOLBAR,WHEN-MOUSE-LEAVE,0,0,0,0,0,0,0,1
TRG_ITEM:APLICA_ENDOSO.BTN_APLICAR.WHEN-BUTTON-PRESSED,ITEM,APLICA_ENDOSO.BTN_APLICAR,WHEN-BUTTON-PRESSED,1,0,0,0,0,0,1,7
TRG_ITEM:APLICA_ENDOSO.BTN_CANCELAR.WHEN-BUTTON-PRESSED,ITEM,APLICA_ENDOSO.BTN_CANCELAR,WHEN-BUTTON-PRESSED,0,0,0,0,0,0,0,0
TRG_ITEM:APLICA_ENDOSO.BUT_LIST_END.WHEN-BUTTON-PRESSED,ITEM,APLICA_ENDOSO.BUT_LIST_END,WHEN-BUTTON-PRESSED,0,0,0,0,0,0,0,0
TRG_ITEM:BK_SOLICITUD_REV_MEDICA.BTN_AUTORIZA_REEMBOLSO.WHEN-BUTTON-PRESSED,ITEM,BK_SOLICITUD_REV_MEDICA.BTN_AUTORIZA_REEMBOLSO,WHEN-BUTTON-PRESSED,0,0,0,0,0,0,0,3
TRG_ITEM:BUSCA_SERVICIO.BTN_AGREGAR_ADD.WHEN-BUTTON-PRESSED,ITEM,BUSCA_SERVICIO.BTN_AGREGAR_ADD,WHEN-BUTTON-PRESSED,1,0,0,0,0,0,1,2
TRG_ITEM:BUSCA_SERVICIO.BTN_ESP_MED.WHEN-BUTTON-PRESSED,ITEM,BUSCA_SERVICIO.BTN_ESP_MED,WHEN-BUTTON-PRESSED,0,0,0,0,0,0,0,0
TRG_ITEM:BUSCA_SERVICIO.GRUPO_COBERTURA.KEY-NEXT-ITEM,ITEM,BUSCA_SERVICIO.GRUPO_COBERTURA,KEY-NEXT-ITEM,0,0,0,0,0,0,0,1
TRG_ITEM:BUSCA_SERVICIO.LOV_GRUPO_COBERTURA.KEY-NEXT-ITEM,ITEM,BUSCA_SERVICIO.LOV_GRUPO_COBERTURA,KEY-NEXT-ITEM,0,0,0,0,0,0,0,0
TRG_ITEM:BUSCA_SERVICIO.LOV_GRUPO_COBERTURA.WHEN-BUTTON-PRESSED,ITEM,BUSCA_SERVICIO.LOV_GRUPO_COBERTURA,WHEN-BUTTON-PRESSED,0,0,0,0,0,0,0,0
TRG_ITEM:BUSCA_SERVICIO.LOV_PRESTADOR_ADD.KEY-NEXT-ITEM,ITEM,BUSCA_SERVICIO.LOV_PRESTADOR_ADD,KEY-NEXT-ITEM,0,0,0,0,0,0,0,0
TRG_ITEM:BUSCA_SERVICIO.LOV_PRESTADOR_ADD.WHEN-BUTTON-PRESSED,ITEM,BUSCA_SERVICIO.LOV_PRESTADOR_ADD,WHEN-BUTTON-PRESSED,0,0,0,0,0,0,0,0
TRG_ITEM:BUSCA_SERVICIO.MONEDA_ADD.KEY-NEXT-ITEM,ITEM,BUSCA_SERVICIO.MONEDA_ADD,KEY-NEXT-ITEM,0,0,0,0,0,0,0,0
TRG_ITEM:BUSCA_SERVICIO.MONEDA_ADD.WHEN-LIST-CHANGED,ITEM,BUSCA_SERVICIO.MONEDA_ADD,WHEN-LIST-CHANGED,0,0,0,0,0,0,0,0
TRG_ITEM:BUSCA_SERVICIO.PRESTADOR_ADD.KEY-NEXT-ITEM,ITEM,BUSCA_SERVICIO.PRESTADOR_ADD,KEY-NEXT-ITEM,0,0,0,0,0,0,0,0
TRG_ITEM:BUSCA_SERVICIO.PRESTADOR_ADD.WHEN-VALIDATE-ITEM,ITEM,BUSCA_SERVICIO.PRESTADOR_ADD,WHEN-VALIDATE-ITEM,3,0,0,0,0,0,3,3
TRG_ITEM:BUSCA_SERVICIO.TIPO_PRESTADOR_ADD.WHEN-LIST-CHANGED,ITEM,BUSCA_SERVICIO.TIPO_PRESTADOR_ADD,WHEN-LIST-CHANGED,0,0,0,0,0,0,0,1
TRG_ITEM:CG$CTRL.BTN_ADD_PSS_FUERA.WHEN-BUTTON-PRESSED,ITEM,CG$CTRL.BTN_ADD_PSS_FUERA,WHEN-BUTTON-PRESSED,0,0,0,0,0,0,0,0
TRG_ITEM:CG$CTRL.BTN_AFILIADO.KEY-NEXT-ITEM,ITEM,CG$CTRL.BTN_AFILIADO,KEY-NEXT-ITEM,0,0,0,0,0,0,0,1
TRG_ITEM:CG$CTRL.BTN_AFILIADO.WHEN-BUTTON-PRESSED,ITEM,CG$CTRL.BTN_AFILIADO,WHEN-BUTTON-PRESSED,0,0,0,0,0,0,0,0
TRG_ITEM:CG$CTRL.BTN_AGREGAR_DATOS_SERV.WHEN-BUTTON-PRESSED,ITEM,CG$CTRL.BTN_AGREGAR_DATOS_SERV,WHEN-BUTTON-PRESSED,2,0,0,0,0,0,1,4
TRG_ITEM:CG$CTRL.BTN_AGREGAR_SOL_SER.WHEN-BUTTON-PRESSED,ITEM,CG$CTRL.BTN_AGREGAR_SOL_SER,WHEN-BUTTON-PRESSED,0,0,0,0,0,0,0,1
TRG_ITEM:CG$CTRL.BTN_ANULAR_SOL_SER.WHEN-BUTTON-PRESSED,ITEM,CG$CTRL.BTN_ANULAR_SOL_SER,WHEN-BUTTON-PRESSED,3,0,0,0,0,0,3,8
TRG_ITEM:CG$CTRL.BTN_APROBAR_SOL_SER.WHEN-BUTTON-PRESSED,ITEM,CG$CTRL.BTN_APROBAR_SOL_SER,WHEN-BUTTON-PRESSED,0,0,0,0,0,0,0,7
TRG_ITEM:CG$CTRL.BTN_BUSCA_AFILIADO.WHEN-BUTTON-PRESSED,ITEM,CG$CTRL.BTN_BUSCA_AFILIADO,WHEN-BUTTON-PRESSED,0,0,0,0,0,0,0,1
TRG_ITEM:CG$CTRL.BTN_CERRAR.WHEN-BUTTON-PRESSED,ITEM,CG$CTRL.BTN_CERRAR,WHEN-BUTTON-PRESSED,0,0,0,0,0,0,0,0
TRG_ITEM:CG$CTRL.BTN_DESCARGAR_REC.WHEN-BUTTON-PRESSED,ITEM,CG$CTRL.BTN_DESCARGAR_REC,WHEN-BUTTON-PRESSED,1,2,0,1,0,0,1,7
TRG_ITEM:CG$CTRL.BTN_DESCARGAR_VOUCHER.WHEN-BUTTON-PRESSED,ITEM,CG$CTRL.BTN_DESCARGAR_VOUCHER,WHEN-BUTTON-PRESSED,0,0,0,0,0,0,0,1
TRG_ITEM:CG$CTRL.BTN_DETALLE_AFILIADO.WHEN-BUTTON-PRESSED,ITEM,CG$CTRL.BTN_DETALLE_AFILIADO,WHEN-BUTTON-PRESSED,0,0,0,0,0,0,0,0
TRG_ITEM:CG$CTRL.BTN_DUPLICAR_SOL_SER.WHEN-BUTTON-PRESSED,ITEM,CG$CTRL.BTN_DUPLICAR_SOL_SER,WHEN-BUTTON-PRESSED,2,0,0,0,0,0,0,8
TRG_ITEM:CG$CTRL.BTN_GENERAR_PAGO.WHEN-BUTTON-PRESSED,ITEM,CG$CTRL.BTN_GENERAR_PAGO,WHEN-BUTTON-PRESSED,2,0,0,0,0,0,2,5
TRG_ITEM:CG$CTRL.BTN_LISTA_AFILIADO.WHEN-BUTTON-PRESSED,ITEM,CG$CTRL.BTN_LISTA_AFILIADO,WHEN-BUTTON-PRESSED,0,0,0,0,0,0,0,0
TRG_ITEM:CG$CTRL.BTN_MOTIVOS_RECH_SOL_SER.WHEN-BUTTON-PRESSED,ITEM,CG$CTRL.BTN_MOTIVOS_RECH_SOL_SER,WHEN-BUTTON-PRESSED,0,0,0,0,0,0,0,4
TRG_ITEM:CG$CTRL.BTN_RECHAZAR_SOL_SER.WHEN-BUTTON-PRESSED,ITEM,CG$CTRL.BTN_RECHAZAR_SOL_SER,WHEN-BUTTON-PRESSED,4,0,0,0,0,0,4,10
TRG_ITEM:CG$CTRL.BTN_VOL_HIS_CAR.WHEN-BUTTON-PRESSED,ITEM,CG$CTRL.BTN_VOL_HIS_CAR,WHEN-BUTTON-PRESSED,0,0,0,0,0,0,0,0
TRG_ITEM:CG$CTRL.BTN_VOL_RECP_DOC.WHEN-BUTTON-PRESSED,ITEM,CG$CTRL.BTN_VOL_RECP_DOC,WHEN-BUTTON-PRESSED,0,0,0,0,0,0,0,0
TRG_ITEM:CG$CTRL.CHK_FUERA_COB.WHEN-CHECKBOX-CHANGED,ITEM,CG$CTRL.CHK_FUERA_COB,WHEN-CHECKBOX-CHANGED,0,0,0,0,0,0,0,0
TRG_ITEM:CG$CTRL.FALLECIDO.WHEN-CHECKBOX-CHANGED,ITEM,CG$CTRL.FALLECIDO,WHEN-CHECKBOX-CHANGED,2,0,0,0,0,0,1,6
TRG_ITEM:CG$CTRL.MOT_CAM_MED_PAG.WHEN-BUTTON-PRESSED,ITEM,CG$CTRL.MOT_CAM_MED_PAG,WHEN-BUTTON-PRESSED,1,0,0,0,0,0,1,2
TRG_ITEM:CG$CTRL.NO_AFI.KEY-NEXT-ITEM,ITEM,CG$CTRL.NO_AFI,KEY-NEXT-ITEM,0,0,0,2,0,0,0,7
TRG_ITEM:CG$CTRL.NO_AFI.WHEN-VALIDATE-ITEM,ITEM,CG$CTRL.NO_AFI,WHEN-VALIDATE-ITEM,0,0,0,0,0,0,0,1
TRG_ITEM:CG$CTRL.PB_RAZON_FALLEC.WHEN-BUTTON-PRESSED,ITEM,CG$CTRL.PB_RAZON_FALLEC,WHEN-BUTTON-PRESSED,0,0,0,0,0,0,0,2
TRG_ITEM:COBRO_INDEBIDO.BTN_APLICAR.WHEN-BUTTON-PRESSED,ITEM,COBRO_INDEBIDO.BTN_APLICAR,WHEN-BUTTON-PRESSED,0,0,0,0,0,0,0,5
TRG_ITEM:COBRO_INDEBIDO.BTN_CANCELAR.WHEN-BUTTON-PRESSED,ITEM,COBRO_INDEBIDO.BTN_CANCELAR,WHEN-BUTTON-PRESSED,0,0,0,0,0,0,0,0
TRG_ITEM:COMENTARIO.BTN_COMENTAR.WHEN-BUTTON-PRESSED,ITEM,COMENTARIO.BTN_COMENTAR,WHEN-BUTTON-PRESSED,0,0,0,0,0,0,0,3
TRG_ITEM:COMENTARIO.BTN_VOLVER.WHEN-BUTTON-PRESSED,ITEM,COMENTARIO.BTN_VOLVER,WHEN-BUTTON-PRESSED,0,0,0,0,0,0,0,0
TRG_ITEM:COMENTARIO.DESCRIPCION.WHEN-MOUSE-CLICK,ITEM,COMENTARIO.DESCRIPCION,WHEN-MOUSE-CLICK,0,0,0,0,0,0,0,0
TRG_ITEM:COMENTARIO.DESCRIPCION.WHEN-NEW-ITEM-INSTANCE,ITEM,COMENTARIO.DESCRIPCION,WHEN-NEW-ITEM-INSTANCE,0,0,0,0,0,0,0,0
TRG_ITEM:CREA_MEDICO.BTN_AGREGAR.WHEN-BUTTON-PRESSED,ITEM,CREA_MEDICO.BTN_AGREGAR,WHEN-BUTTON-PRESSED,6,6,0,0,0,0,0,6
TRG_ITEM:CREA_MEDICO.BTN_CANCELAR.WHEN-BUTTON-PRESSED,ITEM,CREA_MEDICO.BTN_CANCELAR,WHEN-BUTTON-PRESSED,0,0,0,0,0,0,0,0
TRG_ITEM:CREA_PSS.BTN_AGREGAR.WHEN-BUTTON-PRESSED,ITEM,CREA_PSS.BTN_AGREGAR,WHEN-BUTTON-PRESSED,4,4,0,0,0,0,0,9
TRG_ITEM:CREA_PSS.BTN_CANCELAR.WHEN-BUTTON-PRESSED,ITEM,CREA_PSS.BTN_CANCELAR,WHEN-BUTTON-PRESSED,0,0,0,0,0,0,0,0
TRG_ITEM:CREA_PSS.LOV_CENTRO_LABORA.WHEN-BUTTON-PRESSED,ITEM,CREA_PSS.LOV_CENTRO_LABORA,WHEN-BUTTON-PRESSED,0,0,0,0,0,0,0,0
TRG_ITEM:CREA_PSS.LOV_CIUDAD_PSS.WHEN-BUTTON-PRESSED,ITEM,CREA_PSS.LOV_CIUDAD_PSS,WHEN-BUTTON-PRESSED,0,0,0,0,0,0,0,0
TRG_ITEM:CREA_PSS.LOV_ESTADO_PSS.WHEN-BUTTON-PRESSED,ITEM,CREA_PSS.LOV_ESTADO_PSS,WHEN-BUTTON-PRESSED,0,0,0,0,0,0,0,0
TRG_ITEM:CREA_PSS.LOV_PAIS_PSS.WHEN-BUTTON-PRESSED,ITEM,CREA_PSS.LOV_PAIS_PSS,WHEN-BUTTON-PRESSED,0,0,0,0,0,0,0,0
TRG_ITEM:CREA_PSS.TIPO_PRESTADOR.WHEN-LIST-CHANGED,ITEM,CREA_PSS.TIPO_PRESTADOR,WHEN-LIST-CHANGED,0,0,0,0,0,0,0,1
TRG_ITEM:DEPENDIENTE.FALLECIDO.WHEN-CHECKBOX-CHANGED,ITEM,DEPENDIENTE.FALLECIDO,WHEN-CHECKBOX-CHANGED,2,0,0,0,0,0,1,8
TRG_ITEM:DEPENDIENTE.PB_RAZON_FALLEC.WHEN-BUTTON-PRESSED,ITEM,DEPENDIENTE.PB_RAZON_FALLEC,WHEN-BUTTON-PRESSED,0,0,0,0,0,0,0,2
TRG_ITEM:DETALLE_COBERTURA.BTN_REGRESAR.WHEN-BUTTON-PRESSED,ITEM,DETALLE_COBERTURA.BTN_REGRESAR,WHEN-BUTTON-PRESSED,0,0,0,0,0,0,0,0
TRG_ITEM:DOCUMENTO_PENDIENTES.ENTREGADO.WHEN-CHECKBOX-CHANGED,ITEM,DOCUMENTO_PENDIENTES.ENTREGADO,WHEN-CHECKBOX-CHANGED,2,0,1,0,0,0,1,3
TRG_ITEM:ENDOSOS_INT.BUT_EDIT_END_INT.WHEN-BUTTON-PRESSED,ITEM,ENDOSOS_INT.BUT_EDIT_END_INT,WHEN-BUTTON-PRESSED,0,0,0,0,0,0,0,0
TRG_ITEM:ENDOSOS_LOC.BUT_EDIT_END_LOC.WHEN-BUTTON-PRESSED,ITEM,ENDOSOS_LOC.BUT_EDIT_END_LOC,WHEN-BUTTON-PRESSED,0,0,0,0,0,0,0,0
TRG_ITEM:EXCEPCION_NEGOCIO.BTN_APLICAR.WHEN-BUTTON-PRESSED,ITEM,EXCEPCION_NEGOCIO.BTN_APLICAR,WHEN-BUTTON-PRESSED,0,0,0,0,0,0,0,6
TRG_ITEM:EXCEPCION_NEGOCIO.BTN_CANCELAR.WHEN-BUTTON-PRESSED,ITEM,EXCEPCION_NEGOCIO.BTN_CANCELAR,WHEN-BUTTON-PRESSED,0,0,0,0,0,0,0,0
TRG_ITEM:FALLEC.FEC_MODIF_FALLEC.KEY-NEXT-ITEM,ITEM,FALLEC.FEC_MODIF_FALLEC,KEY-NEXT-ITEM,0,0,0,0,0,0,0,0
TRG_ITEM:FALLEC.PB_ACEPTAR_RF.WHEN-BUTTON-PRESSED,ITEM,FALLEC.PB_ACEPTAR_RF,WHEN-BUTTON-PRESSED,0,0,0,0,0,0,0,8
TRG_ITEM:FALLEC.PB_CANCEL_RF.WHEN-BUTTON-PRESSED,ITEM,FALLEC.PB_CANCEL_RF,WHEN-BUTTON-PRESSED,0,0,0,0,0,0,0,2
TRG_ITEM:FALLEC.PB_HIST_FALLEC.WHEN-BUTTON-PRESSED,ITEM,FALLEC.PB_HIST_FALLEC,WHEN-BUTTON-PRESSED,0,0,0,0,0,0,0,0
TRG_ITEM:FALLEC.RAZON_FALLECIDO.KEY-NEXT-ITEM,ITEM,FALLEC.RAZON_FALLECIDO,KEY-NEXT-ITEM,0,0,0,0,0,0,0,0
TRG_ITEM:FALLEC.USU_MODIF_FALLEC.KEY-NEXT-ITEM,ITEM,FALLEC.USU_MODIF_FALLEC,KEY-NEXT-ITEM,0,0,0,0,0,0,0,0
TRG_ITEM:HISTORICO_CARTAS.BTN_IMP_HIS_CAR.WHEN-BUTTON-PRESSED,ITEM,HISTORICO_CARTAS.BTN_IMP_HIS_CAR,WHEN-BUTTON-PRESSED,13,0,0,0,0,0,6,11
TRG_ITEM:MOTIVOS_ANULACION.BTN_CANCELAR.WHEN-BUTTON-PRESSED,ITEM,MOTIVOS_ANULACION.BTN_CANCELAR,WHEN-BUTTON-PRESSED,0,0,0,0,0,0,0,0
TRG_ITEM:MOTIVOS_ANULACION.BTN_GUARDAR.WHEN-BUTTON-PRESSED,ITEM,MOTIVOS_ANULACION.BTN_GUARDAR,WHEN-BUTTON-PRESSED,0,0,0,0,0,0,0,8
TRG_ITEM:MOTIVOS_RECHAZO.BTN_VOLVER.WHEN-BUTTON-PRESSED,ITEM,MOTIVOS_RECHAZO.BTN_VOLVER,WHEN-BUTTON-PRESSED,0,0,0,0,0,0,0,0
TRG_ITEM:MOT_CAM_MED_PAG.CANCELAR.WHEN-BUTTON-PRESSED,ITEM,MOT_CAM_MED_PAG.CANCELAR,WHEN-BUTTON-PRESSED,0,0,0,0,0,0,0,0
TRG_ITEM:MOT_CAM_MED_PAG.CONTINUAR.WHEN-BUTTON-PRESSED,ITEM,MOT_CAM_MED_PAG.CONTINUAR,WHEN-BUTTON-PRESSED,1,0,0,0,0,0,1,3
TRG_ITEM:MSG_BLOQUEO.PB_CERRAR.WHEN-BUTTON-PRESSED,ITEM,MSG_BLOQUEO.PB_CERRAR,WHEN-BUTTON-PRESSED,0,0,0,0,0,0,0,1
TRG_ITEM:MSG_BLOQUEO.PB_VER_DETALLE.WHEN-BUTTON-PRESSED,ITEM,MSG_BLOQUEO.PB_VER_DETALLE,WHEN-BUTTON-PRESSED,0,0,0,0,0,0,0,0
TRG_ITEM:NEGOCIACION_PRESTADOR.BTN_APLICAR.WHEN-BUTTON-PRESSED,ITEM,NEGOCIACION_PRESTADOR.BTN_APLICAR,WHEN-BUTTON-PRESSED,0,0,0,0,0,0,0,5
TRG_ITEM:NEGOCIACION_PRESTADOR.BTN_CANCELAR.WHEN-BUTTON-PRESSED,ITEM,NEGOCIACION_PRESTADOR.BTN_CANCELAR,WHEN-BUTTON-PRESSED,0,0,0,0,0,0,0,0
TRG_ITEM:RADICACION.BANCO.KEY-NEXT-ITEM,ITEM,RADICACION.BANCO,KEY-NEXT-ITEM,0,0,0,0,0,0,0,0
TRG_ITEM:RADICACION.BANCO.WHEN-VALIDATE-ITEM,ITEM,RADICACION.BANCO,WHEN-VALIDATE-ITEM,1,0,0,0,0,0,0,2
TRG_ITEM:RADICACION.BTN_ANADIR_CUENTA.WHEN-BUTTON-PRESSED,ITEM,RADICACION.BTN_ANADIR_CUENTA,WHEN-BUTTON-PRESSED,0,0,0,0,0,0,0,0
TRG_ITEM:RADICACION.BTN_FEC_RECEP.WHEN-BUTTON-PRESSED,ITEM,RADICACION.BTN_FEC_RECEP,WHEN-BUTTON-PRESSED,0,0,0,0,0,0,0,0
TRG_ITEM:RADICACION.BTN_LOV_BANCO.KEY-NEXT-ITEM,ITEM,RADICACION.BTN_LOV_BANCO,KEY-NEXT-ITEM,0,0,0,0,0,0,0,1
TRG_ITEM:RADICACION.BTN_LOV_BANCO.WHEN-BUTTON-PRESSED,ITEM,RADICACION.BTN_LOV_BANCO,WHEN-BUTTON-PRESSED,0,0,0,0,0,0,0,0
TRG_ITEM:RADICACION.BTN_LOV_CUENTA.WHEN-BUTTON-PRESSED,ITEM,RADICACION.BTN_LOV_CUENTA,WHEN-BUTTON-PRESSED,1,0,0,0,0,0,0,0
TRG_ITEM:RADICACION.BTN_LOV_SUCURSAL_CHEQUE.KEY-NEXT-ITEM,ITEM,RADICACION.BTN_LOV_SUCURSAL_CHEQUE,KEY-NEXT-ITEM,0,0,0,0,0,0,0,1
TRG_ITEM:RADICACION.BTN_LOV_SUCURSAL_CHEQUE.WHEN-BUTTON-PRESSED,ITEM,RADICACION.BTN_LOV_SUCURSAL_CHEQUE,WHEN-BUTTON-PRESSED,0,0,0,0,0,0,0,0
TRG_ITEM:RADICACION.COMPLETIVO_DOC.WHEN-CHECKBOX-CHANGED,ITEM,RADICACION.COMPLETIVO_DOC,WHEN-CHECKBOX-CHANGED,0,0,0,0,0,0,0,3
TRG_ITEM:RADICACION.CORREO_NOTIFICA.KEY-NEXT-ITEM,ITEM,RADICACION.CORREO_NOTIFICA,KEY-NEXT-ITEM,0,0,0,0,0,0,0,1
TRG_ITEM:RADICACION.CORREO_NOTIFICA.WHEN-VALIDATE-ITEM,ITEM,RADICACION.CORREO_NOTIFICA,WHEN-VALIDATE-ITEM,0,0,0,0,0,0,0,1
TRG_ITEM:RADICACION.CORREO_PROPIETARIO.KEY-NEXT-ITEM,ITEM,RADICACION.CORREO_PROPIETARIO,KEY-NEXT-ITEM,0,0,0,0,0,0,0,1
TRG_ITEM:RADICACION.CORREO_PROPIETARIO.WHEN-VALIDATE-ITEM,ITEM,RADICACION.CORREO_PROPIETARIO,WHEN-VALIDATE-ITEM,0,0,0,0,0,0,0,1
TRG_ITEM:RADICACION.DESC_SUCURSAL_CHEQUE.WHEN-VALIDATE-ITEM,ITEM,RADICACION.DESC_SUCURSAL_CHEQUE,WHEN-VALIDATE-ITEM,0,0,0,0,0,0,0,1
TRG_ITEM:RADICACION.ENTREGAR_CHEQUE.KEY-NEXT-ITEM,ITEM,RADICACION.ENTREGAR_CHEQUE,KEY-NEXT-ITEM,0,0,0,0,0,0,0,1
TRG_ITEM:RADICACION.FECHA_RECEPCION.KEY-LISTVAL,ITEM,RADICACION.FECHA_RECEPCION,KEY-LISTVAL,0,0,0,0,0,0,0,1
TRG_ITEM:RADICACION.FECHA_RECEPCION.KEY-NEXT-ITEM,ITEM,RADICACION.FECHA_RECEPCION,KEY-NEXT-ITEM,1,0,0,0,0,0,1,2
TRG_ITEM:RADICACION.FECHA_RECEPCION.WHEN-VALIDATE-ITEM,ITEM,RADICACION.FECHA_RECEPCION,WHEN-VALIDATE-ITEM,0,0,0,0,0,0,0,1
TRG_ITEM:RADICACION.MEDIO_PAGO.KEY-NEXT-ITEM,ITEM,RADICACION.MEDIO_PAGO,KEY-NEXT-ITEM,0,0,0,0,0,0,0,1
TRG_ITEM:RADICACION.MEDIO_PAGO.WHEN-LIST-CHANGED,ITEM,RADICACION.MEDIO_PAGO,WHEN-LIST-CHANGED,0,0,0,0,0,0,0,1
TRG_ITEM:RADICACION.NACIONALIDAD.KEY-NEXT-ITEM,ITEM,RADICACION.NACIONALIDAD,KEY-NEXT-ITEM,0,0,0,0,0,0,0,1
TRG_ITEM:RADICACION.NOMBRE_BANCO.WHEN-VALIDATE-ITEM,ITEM,RADICACION.NOMBRE_BANCO,WHEN-VALIDATE-ITEM,0,0,0,0,0,0,0,1
TRG_ITEM:RADICACION.NOMBRE_PROPIETARIO.KEY-NEXT-ITEM,ITEM,RADICACION.NOMBRE_PROPIETARIO,KEY-NEXT-ITEM,0,0,0,0,0,0,0,1
TRG_ITEM:RADICACION.NO_SOLICITUD_ORIGINAL.KEY-NEXT-ITEM,ITEM,RADICACION.NO_SOLICITUD_ORIGINAL,KEY-NEXT-ITEM,0,0,0,0,0,0,0,0
TRG_ITEM:RADICACION.NO_SOLICITUD_ORIGINAL.WHEN-NEW-ITEM-INSTANCE,ITEM,RADICACION.NO_SOLICITUD_ORIGINAL,WHEN-NEW-ITEM-INSTANCE,0,0,0,0,0,0,0,1
TRG_ITEM:RADICACION.NO_SOLICITUD_ORIGINAL.WHEN-VALIDATE-ITEM,ITEM,RADICACION.NO_SOLICITUD_ORIGINAL,WHEN-VALIDATE-ITEM,1,0,0,0,0,0,1,5
TRG_ITEM:RADICACION.NUMERO_CUENTA.KEY-NEXT-ITEM,ITEM,RADICACION.NUMERO_CUENTA,KEY-NEXT-ITEM,0,0,0,0,0,0,0,1
TRG_ITEM:RADICACION.NUMERO_CUENTA.WHEN-VALIDATE-ITEM,ITEM,RADICACION.NUMERO_CUENTA,WHEN-VALIDATE-ITEM,0,0,0,0,0,0,0,2
TRG_ITEM:RADICACION.NUMERO_DOCUMENTO.KEY-NEXT-ITEM,ITEM,RADICACION.NUMERO_DOCUMENTO,KEY-NEXT-ITEM,0,0,0,0,0,0,0,1
TRG_ITEM:RADICACION.NUMERO_DOCUMENTO.WHEN-VALIDATE-ITEM,ITEM,RADICACION.NUMERO_DOCUMENTO,WHEN-VALIDATE-ITEM,0,0,0,0,0,0,0,2
TRG_ITEM:RADICACION.NUMERO_VIA_ENTRADA.KEY-NEXT-ITEM,ITEM,RADICACION.NUMERO_VIA_ENTRADA,KEY-NEXT-ITEM,0,0,0,0,0,0,0,1
TRG_ITEM:RADICACION.NUMERO_VIA_ENTRADA.WHEN-VALIDATE-ITEM,ITEM,RADICACION.NUMERO_VIA_ENTRADA,WHEN-VALIDATE-ITEM,0,0,0,0,0,0,0,2
TRG_ITEM:RADICACION.SEXO.KEY-NEXT-ITEM,ITEM,RADICACION.SEXO,KEY-NEXT-ITEM,0,0,0,0,0,0,0,1
TRG_ITEM:RADICACION.SUCURSAL_CHEQUE.WHEN-VALIDATE-ITEM,ITEM,RADICACION.SUCURSAL_CHEQUE,WHEN-VALIDATE-ITEM,1,0,0,0,0,0,0,1
TRG_ITEM:RADICACION.TIPO_CUENTA.KEY-NEXT-ITEM,ITEM,RADICACION.TIPO_CUENTA,KEY-NEXT-ITEM,0,0,0,0,0,0,0,1
TRG_ITEM:RADICACION.TIPO_DOCUMENTO.KEY-NEXT-ITEM,ITEM,RADICACION.TIPO_DOCUMENTO,KEY-NEXT-ITEM,0,0,0,0,0,0,0,1
TRG_ITEM:RADICACION.TIPO_DOCUMENTO.WHEN-LIST-CHANGED,ITEM,RADICACION.TIPO_DOCUMENTO,WHEN-LIST-CHANGED,0,0,0,0,0,0,0,0
TRG_ITEM:RADICACION.TIPO_PROPIETARIO.KEY-NEXT-ITEM,ITEM,RADICACION.TIPO_PROPIETARIO,KEY-NEXT-ITEM,0,0,0,0,0,0,0,1
TRG_ITEM:RADICACION.TIPO_PROPIETARIO.WHEN-LIST-CHANGED,ITEM,RADICACION.TIPO_PROPIETARIO,WHEN-LIST-CHANGED,1,0,0,0,0,0,1,1
TRG_ITEM:RADICACION.VIA_ENTRADA.KEY-NEXT-ITEM,ITEM,RADICACION.VIA_ENTRADA,KEY-NEXT-ITEM,0,0,0,0,0,0,0,2
TRG_ITEM:RADICACION.VIA_ENTRADA.WHEN-LIST-CHANGED,ITEM,RADICACION.VIA_ENTRADA,WHEN-LIST-CHANGED,0,0,0,0,0,0,0,1
TRG_ITEM:RESUMEN_RECLAMOS.BTN_CARTA_DECL.WHEN-BUTTON-PRESSED,ITEM,RESUMEN_RECLAMOS.BTN_CARTA_DECL,WHEN-BUTTON-PRESSED,2,0,0,0,0,0,2,4
TRG_ITEM:RESUMEN_RECLAMOS.BTN_COMENTARIO.WHEN-BUTTON-PRESSED,ITEM,RESUMEN_RECLAMOS.BTN_COMENTARIO,WHEN-BUTTON-PRESSED,0,0,0,0,0,0,0,1
TRG_ITEM:RESUMEN_RECLAMOS.BTN_EDITAR.WHEN-BUTTON-PRESSED,ITEM,RESUMEN_RECLAMOS.BTN_EDITAR,WHEN-BUTTON-PRESSED,0,0,0,2,0,0,0,9
TRG_ITEM:RESUMEN_RECLAMOS.BTN_HIST_CAR.WHEN-BUTTON-PRESSED,ITEM,RESUMEN_RECLAMOS.BTN_HIST_CAR,WHEN-BUTTON-PRESSED,0,0,0,0,0,0,0,1
TRG_ITEM:RESUMEN_RECLAMOS.BTN_RECP_DOC.WHEN-BUTTON-PRESSED,ITEM,RESUMEN_RECLAMOS.BTN_RECP_DOC,WHEN-BUTTON-PRESSED,3,0,0,0,0,0,2,3
TRG_ITEM:RESUMEN_RECLAMOS.BTN_SOL_INF.WHEN-BUTTON-PRESSED,ITEM,RESUMEN_RECLAMOS.BTN_SOL_INF,WHEN-BUTTON-PRESSED,3,0,0,0,0,0,3,4
TRG_ITEM:RESUMEN_RECLAMOS.CB_SELECCIONAR.WHEN-CHECKBOX-CHANGED,ITEM,RESUMEN_RECLAMOS.CB_SELECCIONAR,WHEN-CHECKBOX-CHANGED,3,0,0,0,0,0,2,7
TRG_ITEM:RESUMEN_RECLAMOS.ESTATUS_DESC.WHEN-MOUSE-DOUBLECLICK,ITEM,RESUMEN_RECLAMOS.ESTATUS_DESC,WHEN-MOUSE-DOUBLECLICK,0,0,0,0,0,0,0,0
TRG_ITEM:SOLICITUD_PAGO_DETALLE.CANTIDAD.KEY-NEXT-ITEM,ITEM,SOLICITUD_PAGO_DETALLE.CANTIDAD,KEY-NEXT-ITEM,0,0,0,0,0,0,0,0
TRG_ITEM:SOLICITUD_PAGO_DETALLE.CANTIDAD.WHEN-VALIDATE-ITEM,ITEM,SOLICITUD_PAGO_DETALLE.CANTIDAD,WHEN-VALIDATE-ITEM,0,0,0,0,0,0,0,2
TRG_ITEM:SOLICITUD_PAGO_DETALLE.MONTO.WHEN-VALIDATE-ITEM,ITEM,SOLICITUD_PAGO_DETALLE.MONTO,WHEN-VALIDATE-ITEM,0,0,0,0,0,0,0,2
TRG_ITEM:SOLICITUD_PAGO_DETALLE.OBSERVACION.KEY-NEXT-ITEM,ITEM,SOLICITUD_PAGO_DETALLE.OBSERVACION,KEY-NEXT-ITEM,0,0,0,0,0,0,0,0
TRG_ITEM:SOLICITUD_SERVICIO.BTN_AFILIADO.KEY-NEXT-ITEM,ITEM,SOLICITUD_SERVICIO.BTN_AFILIADO,KEY-NEXT-ITEM,0,0,0,0,0,0,0,1
TRG_ITEM:SOLICITUD_SERVICIO.BTN_AFILIADO.WHEN-BUTTON-PRESSED,ITEM,SOLICITUD_SERVICIO.BTN_AFILIADO,WHEN-BUTTON-PRESSED,0,0,0,0,0,0,0,0
TRG_ITEM:SOLICITUD_SERVICIO.BTN_ANADIR_MEDICO.WHEN-BUTTON-PRESSED,ITEM,SOLICITUD_SERVICIO.BTN_ANADIR_MEDICO,WHEN-BUTTON-PRESSED,0,0,0,0,0,0,0,0
TRG_ITEM:SOLICITUD_SERVICIO.BTN_ELIMINAR_MED_TRATANTE.WHEN-BUTTON-PRESSED,ITEM,SOLICITUD_SERVICIO.BTN_ELIMINAR_MED_TRATANTE,WHEN-BUTTON-PRESSED,0,0,0,0,0,0,0,0
TRG_ITEM:SOLICITUD_SERVICIO.BTN_FEC_SERVICIO.WHEN-BUTTON-PRESSED,ITEM,SOLICITUD_SERVICIO.BTN_FEC_SERVICIO,WHEN-BUTTON-PRESSED,0,0,0,0,0,0,0,2
TRG_ITEM:SOLICITUD_SERVICIO.BTN_LOV_PLAN.KEY-NEXT-ITEM,ITEM,SOLICITUD_SERVICIO.BTN_LOV_PLAN,KEY-NEXT-ITEM,0,0,0,0,0,0,0,1
TRG_ITEM:SOLICITUD_SERVICIO.BTN_LOV_PLAN.WHEN-BUTTON-PRESSED,ITEM,SOLICITUD_SERVICIO.BTN_LOV_PLAN,WHEN-BUTTON-PRESSED,0,0,0,0,0,0,0,0
TRG_ITEM:SOLICITUD_SERVICIO.BTN_SUB_GRUP_SER.KEY-NEXT-ITEM,ITEM,SOLICITUD_SERVICIO.BTN_SUB_GRUP_SER,KEY-NEXT-ITEM,0,0,0,0,0,0,0,3
TRG_ITEM:SOLICITUD_SERVICIO.BTN_SUB_GRUP_SER.WHEN-BUTTON-PRESSED,ITEM,SOLICITUD_SERVICIO.BTN_SUB_GRUP_SER,WHEN-BUTTON-PRESSED,0,0,0,0,0,0,0,2
TRG_ITEM:SOLICITUD_SERVICIO.CODIGO_AFILIADO.KEY-LISTVAL,ITEM,SOLICITUD_SERVICIO.CODIGO_AFILIADO,KEY-LISTVAL,0,0,0,0,0,0,0,1
TRG_ITEM:SOLICITUD_SERVICIO.CODIGO_AFILIADO.KEY-NEXT-ITEM,ITEM,SOLICITUD_SERVICIO.CODIGO_AFILIADO,KEY-NEXT-ITEM,0,0,0,0,0,0,0,0
TRG_ITEM:SOLICITUD_SERVICIO.CODIGO_AFILIADO.WHEN-VALIDATE-ITEM,ITEM,SOLICITUD_SERVICIO.CODIGO_AFILIADO,WHEN-VALIDATE-ITEM,8,0,0,0,0,0,1,8
TRG_ITEM:SOLICITUD_SERVICIO.CODIGO_PLAN.KEY-LISTVAL,ITEM,SOLICITUD_SERVICIO.CODIGO_PLAN,KEY-LISTVAL,0,0,0,0,0,0,0,1
TRG_ITEM:SOLICITUD_SERVICIO.CODIGO_PLAN.WHEN-VALIDATE-ITEM,ITEM,SOLICITUD_SERVICIO.CODIGO_PLAN,WHEN-VALIDATE-ITEM,3,1,0,0,0,0,2,3
TRG_ITEM:SOLICITUD_SERVICIO.CORREO_NOTIFICA.WHEN-VALIDATE-ITEM,ITEM,SOLICITUD_SERVICIO.CORREO_NOTIFICA,WHEN-VALIDATE-ITEM,0,0,0,0,0,0,0,1
TRG_ITEM:SOLICITUD_SERVICIO.ESPECIALIDAD.KEY-NEXT-ITEM,ITEM,SOLICITUD_SERVICIO.ESPECIALIDAD,KEY-NEXT-ITEM,0,0,0,0,0,0,0,3
TRG_ITEM:SOLICITUD_SERVICIO.FECHA_SERVICIO.KEY-LISTVAL,ITEM,SOLICITUD_SERVICIO.FECHA_SERVICIO,KEY-LISTVAL,0,0,0,0,0,0,0,0
TRG_ITEM:SOLICITUD_SERVICIO.FECHA_SERVICIO.WHEN-VALIDATE-ITEM,ITEM,SOLICITUD_SERVICIO.FECHA_SERVICIO,WHEN-VALIDATE-ITEM,1,0,0,0,0,0,1,2
TRG_ITEM:SOLICITUD_SERVICIO.LOV_ESPECIALIDAD.KEY-NEXT-ITEM,ITEM,SOLICITUD_SERVICIO.LOV_ESPECIALIDAD,KEY-NEXT-ITEM,0,0,0,0,0,0,0,3
TRG_ITEM:SOLICITUD_SERVICIO.LOV_ESPECIALIDAD.WHEN-BUTTON-PRESSED,ITEM,SOLICITUD_SERVICIO.LOV_ESPECIALIDAD,WHEN-BUTTON-PRESSED,0,0,0,0,0,0,0,3
TRG_ITEM:SOLICITUD_SERVICIO.LOV_MEDICO.KEY-NEXT-ITEM,ITEM,SOLICITUD_SERVICIO.LOV_MEDICO,KEY-NEXT-ITEM,0,0,0,0,0,0,0,3
TRG_ITEM:SOLICITUD_SERVICIO.LOV_MEDICO.WHEN-BUTTON-PRESSED,ITEM,SOLICITUD_SERVICIO.LOV_MEDICO,WHEN-BUTTON-PRESSED,0,0,0,0,0,0,0,3
TRG_ITEM:SOLICITUD_SERVICIO.MEDICO_CODIGO.KEY-NEXT-ITEM,ITEM,SOLICITUD_SERVICIO.MEDICO_CODIGO,KEY-NEXT-ITEM,0,0,0,0,0,0,0,3
TRG_ITEM:SOLICITUD_SERVICIO.MEDICO_CODIGO.WHEN-VALIDATE-ITEM,ITEM,SOLICITUD_SERVICIO.MEDICO_CODIGO,WHEN-VALIDATE-ITEM,1,0,0,0,0,0,1,0
TRG_ITEM:SOLICITUD_SERVICIO.SUB_GRUPO_SERVICIO.KEY-NEXT-ITEM,ITEM,SOLICITUD_SERVICIO.SUB_GRUPO_SERVICIO,KEY-NEXT-ITEM,0,0,0,0,0,0,0,3
TRG_ITEM:SOLICITUD_SERVICIO.SUB_GRUPO_SERVICIO.WHEN-VALIDATE-ITEM,ITEM,SOLICITUD_SERVICIO.SUB_GRUPO_SERVICIO,WHEN-VALIDATE-ITEM,0,0,0,0,0,0,0,4
TRG_ITEM:SOLICITUD_SERVICIO.TIPO_SERVICIO.WHEN-LIST-CHANGED,ITEM,SOLICITUD_SERVICIO.TIPO_SERVICIO,WHEN-LIST-CHANGED,2,0,0,4,0,0,1,12
TRG_ITEM:SOLICITUD_SERVICIO.TIPO_SERVICIO.WHEN-NEW-ITEM-INSTANCE,ITEM,SOLICITUD_SERVICIO.TIPO_SERVICIO,WHEN-NEW-ITEM-INSTANCE,0,0,0,0,0,0,0,1
TRG_ITEM:SOLICITUD_SERVICIO.TIPO_SERVICIO.WHEN-VALIDATE-ITEM,ITEM,SOLICITUD_SERVICIO.TIPO_SERVICIO,WHEN-VALIDATE-ITEM,0,0,0,0,0,0,0,4
TRG_ITEM:SOLICITUD_SERVICIO_DETALLE.BTN_BORRAR.WHEN-BUTTON-PRESSED,ITEM,SOLICITUD_SERVICIO_DETALLE.BTN_BORRAR,WHEN-BUTTON-PRESSED,0,0,0,2,0,0,0,1
TRG_ITEM:SOLICITUD_SERVICIO_DETALLE.BTN_COBR_INDE.WHEN-BUTTON-PRESSED,ITEM,SOLICITUD_SERVICIO_DETALLE.BTN_COBR_INDE,WHEN-BUTTON-PRESSED,0,0,0,0,0,0,0,2
TRG_ITEM:SOLICITUD_SERVICIO_DETALLE.BTN_DETALLE.WHEN-BUTTON-PRESSED,ITEM,SOLICITUD_SERVICIO_DETALLE.BTN_DETALLE,WHEN-BUTTON-PRESSED,0,0,0,0,0,0,0,1
TRG_ITEM:SOLICITUD_SERVICIO_DETALLE.BTN_EDITAR_COB.WHEN-BUTTON-PRESSED,ITEM,SOLICITUD_SERVICIO_DETALLE.BTN_EDITAR_COB,WHEN-BUTTON-PRESSED,5,0,0,0,0,0,3,1
TRG_ITEM:SOLICITUD_SERVICIO_DETALLE.BTN_EDITAR_MON.WHEN-BUTTON-PRESSED,ITEM,SOLICITUD_SERVICIO_DETALLE.BTN_EDITAR_MON,WHEN-BUTTON-PRESSED,0,0,0,0,0,0,0,2
TRG_ITEM:SOLICITUD_SERVICIO_DETALLE.BTN_EXCEPCION_NEGOCIO.WHEN-BUTTON-PRESSED,ITEM,SOLICITUD_SERVICIO_DETALLE.BTN_EXCEPCION_NEGOCIO,WHEN-BUTTON-PRESSED,0,0,0,0,0,0,0,2
TRG_ITEM:SOLICITUD_SERVICIO_DETALLE.BTN_FEC_SERVICIO.WHEN-BUTTON-PRESSED,ITEM,SOLICITUD_SERVICIO_DETALLE.BTN_FEC_SERVICIO,WHEN-BUTTON-PRESSED,0,0,0,0,0,0,0,1
TRG_ITEM:SOLICITUD_SERVICIO_DETALLE.BTN_LOV_FECHA_EGRESO.WHEN-BUTTON-PRESSED,ITEM,SOLICITUD_SERVICIO_DETALLE.BTN_LOV_FECHA_EGRESO,WHEN-BUTTON-PRESSED,0,0,0,0,0,0,0,0
TRG_ITEM:SOLICITUD_SERVICIO_DETALLE.BTN_LOV_FECHA_INGRESO.KEY-NEXT-ITEM,ITEM,SOLICITUD_SERVICIO_DETALLE.BTN_LOV_FECHA_INGRESO,KEY-NEXT-ITEM,0,0,0,0,0,0,0,0
TRG_ITEM:SOLICITUD_SERVICIO_DETALLE.BTN_LOV_FECHA_INGRESO.WHEN-BUTTON-PRESSED,ITEM,SOLICITUD_SERVICIO_DETALLE.BTN_LOV_FECHA_INGRESO,WHEN-BUTTON-PRESSED,0,0,0,0,0,0,0,0
TRG_ITEM:SOLICITUD_SERVICIO_DETALLE.BTN_NEGOCIACION_PRESTADOR.WHEN-BUTTON-PRESSED,ITEM,SOLICITUD_SERVICIO_DETALLE.BTN_NEGOCIACION_PRESTADOR,WHEN-BUTTON-PRESSED,0,0,0,0,0,0,0,2
TRG_ITEM:SOLICITUD_SERVICIO_DETALLE.BTN_TARIFA_INCORECTA.WHEN-BUTTON-PRESSED,ITEM,SOLICITUD_SERVICIO_DETALLE.BTN_TARIFA_INCORECTA,WHEN-BUTTON-PRESSED,0,0,0,0,0,0,0,6
TRG_ITEM:SOLICITUD_SERVICIO_DETALLE.COBERTURA.KEY-NEXT-ITEM,ITEM,SOLICITUD_SERVICIO_DETALLE.COBERTURA,KEY-NEXT-ITEM,4,1,0,0,0,0,2,9
TRG_ITEM:SOLICITUD_SERVICIO_DETALLE.COBERTURA.WHEN-VALIDATE-ITEM,ITEM,SOLICITUD_SERVICIO_DETALLE.COBERTURA,WHEN-VALIDATE-ITEM,12,0,0,0,0,0,4,10
TRG_ITEM:SOLICITUD_SERVICIO_DETALLE.COBERTURA_SOL_ESTATUS_ID.WHEN-LIST-CHANGED,ITEM,SOLICITUD_SERVICIO_DETALLE.COBERTURA_SOL_ESTATUS_ID,WHEN-LIST-CHANGED,0,0,0,0,0,0,0,2
TRG_ITEM:SOLICITUD_SERVICIO_DETALLE.COMENT_SOL_SPOOL.KEY-NEXT-ITEM,ITEM,SOLICITUD_SERVICIO_DETALLE.COMENT_SOL_SPOOL,KEY-NEXT-ITEM,0,0,0,0,0,0,0,0
TRG_ITEM:SOLICITUD_SERVICIO_DETALLE.DIAS_TERAPIA.KEY-NEXT-ITEM,ITEM,SOLICITUD_SERVICIO_DETALLE.DIAS_TERAPIA,KEY-NEXT-ITEM,0,0,0,0,0,0,0,0
TRG_ITEM:SOLICITUD_SERVICIO_DETALLE.DOSIS_DIARIA.KEY-NEXT-ITEM,ITEM,SOLICITUD_SERVICIO_DETALLE.DOSIS_DIARIA,KEY-NEXT-ITEM,0,0,0,0,0,0,0,0
TRG_ITEM:SOLICITUD_SERVICIO_DETALLE.FECHA_EGRESO.KEY-LISTVAL,ITEM,SOLICITUD_SERVICIO_DETALLE.FECHA_EGRESO,KEY-LISTVAL,0,0,0,0,0,0,0,1
TRG_ITEM:SOLICITUD_SERVICIO_DETALLE.FECHA_EGRESO.KEY-NEXT-ITEM,ITEM,SOLICITUD_SERVICIO_DETALLE.FECHA_EGRESO,KEY-NEXT-ITEM,0,0,0,0,0,0,0,0
TRG_ITEM:SOLICITUD_SERVICIO_DETALLE.FECHA_EGRESO.WHEN-VALIDATE-ITEM,ITEM,SOLICITUD_SERVICIO_DETALLE.FECHA_EGRESO,WHEN-VALIDATE-ITEM,0,0,0,0,0,0,0,2
TRG_ITEM:SOLICITUD_SERVICIO_DETALLE.FECHA_INDICACION.KEY-LISTVAL,ITEM,SOLICITUD_SERVICIO_DETALLE.FECHA_INDICACION,KEY-LISTVAL,0,0,0,0,0,0,0,0
TRG_ITEM:SOLICITUD_SERVICIO_DETALLE.FECHA_INDICACION.KEY-NEXT-ITEM,ITEM,SOLICITUD_SERVICIO_DETALLE.FECHA_INDICACION,KEY-NEXT-ITEM,0,0,0,0,0,0,0,1
TRG_ITEM:SOLICITUD_SERVICIO_DETALLE.FECHA_INDICACION.WHEN-VALIDATE-ITEM,ITEM,SOLICITUD_SERVICIO_DETALLE.FECHA_INDICACION,WHEN-VALIDATE-ITEM,0,0,0,0,0,0,0,1
TRG_ITEM:SOLICITUD_SERVICIO_DETALLE.FECHA_INGRESO.KEY-LISTVAL,ITEM,SOLICITUD_SERVICIO_DETALLE.FECHA_INGRESO,KEY-LISTVAL,0,0,0,0,0,0,0,1
TRG_ITEM:SOLICITUD_SERVICIO_DETALLE.FECHA_INGRESO.KEY-NEXT-ITEM,ITEM,SOLICITUD_SERVICIO_DETALLE.FECHA_INGRESO,KEY-NEXT-ITEM,0,0,0,0,0,0,0,0
TRG_ITEM:SOLICITUD_SERVICIO_DETALLE.FECHA_INGRESO.WHEN-VALIDATE-ITEM,ITEM,SOLICITUD_SERVICIO_DETALLE.FECHA_INGRESO,WHEN-VALIDATE-ITEM,0,0,0,0,0,0,0,2
TRG_ITEM:SOLICITUD_SERVICIO_DETALLE.FRECUENCIA.KEY-NEXT-ITEM,ITEM,SOLICITUD_SERVICIO_DETALLE.FRECUENCIA,KEY-NEXT-ITEM,0,0,0,0,0,0,0,0
TRG_ITEM:SOLICITUD_SERVICIO_DETALLE.LOV_COBERTURA.WHEN-BUTTON-PRESSED,ITEM,SOLICITUD_SERVICIO_DETALLE.LOV_COBERTURA,WHEN-BUTTON-PRESSED,4,0,0,0,0,0,1,4
TRG_ITEM:SOLICITUD_SERVICIO_DETALLE.MONTO_PAGAR.KEY-NEXT-ITEM,ITEM,SOLICITUD_SERVICIO_DETALLE.MONTO_PAGAR,KEY-NEXT-ITEM,0,0,0,0,0,0,0,0
TRG_ITEM:SOLICITUD_SERVICIO_DETALLE.MONTO_RECLAMO.KEY-NEXT-ITEM,ITEM,SOLICITUD_SERVICIO_DETALLE.MONTO_RECLAMO,KEY-NEXT-ITEM,1,0,0,0,0,0,1,8
TRG_ITEM:SOLICITUD_SERVICIO_DETALLE.MONTO_RECLAMO.WHEN-VALIDATE-ITEM,ITEM,SOLICITUD_SERVICIO_DETALLE.MONTO_RECLAMO,WHEN-VALIDATE-ITEM,0,0,0,0,0,0,0,2
TRG_ITEM:SOLICITUD_SERVICIO_DETALLE.PB_ACEPTAR.WHEN-BUTTON-PRESSED,ITEM,SOLICITUD_SERVICIO_DETALLE.PB_ACEPTAR,WHEN-BUTTON-PRESSED,0,0,0,0,0,0,0,1
TRG_ITEM:SOLICITUD_SERVICIO_DETALLE.PB_APROBACION.WHEN-BUTTON-PRESSED,ITEM,SOLICITUD_SERVICIO_DETALLE.PB_APROBACION,WHEN-BUTTON-PRESSED,0,1,0,0,0,0,0,5
TRG_ITEM:SOLICITUD_SERVICIO_DETALLE.PB_LIST_USU_APROB.WHEN-BUTTON-PRESSED,ITEM,SOLICITUD_SERVICIO_DETALLE.PB_LIST_USU_APROB,WHEN-BUTTON-PRESSED,0,0,0,0,0,0,0,0
TRG_ITEM:SOLICITUD_SERVICIO_DETALLE.USU_APROB.KEY-NEXT-ITEM,ITEM,SOLICITUD_SERVICIO_DETALLE.USU_APROB,KEY-NEXT-ITEM,0,0,0,0,0,0,0,0
TRG_ITEM:SOLICITUD_SERV_DIAG.COD_DIAGNOSTICO.KEY-NEXT-ITEM,ITEM,SOLICITUD_SERV_DIAG.COD_DIAGNOSTICO,KEY-NEXT-ITEM,0,0,0,0,0,0,0,3
TRG_ITEM:SOLICITUD_SERV_DIAG.COD_DIAGNOSTICO.WHEN-VALIDATE-ITEM,ITEM,SOLICITUD_SERV_DIAG.COD_DIAGNOSTICO,WHEN-VALIDATE-ITEM,4,0,0,0,0,0,2,9
TRG_ITEM:SOLICITUD_SERV_DIAG.LOV_DIAGNOSTICO.WHEN-BUTTON-PRESSED,ITEM,SOLICITUD_SERV_DIAG.LOV_DIAGNOSTICO,WHEN-BUTTON-PRESSED,0,0,0,0,0,0,0,3
TRG_ITEM:SOLICITUD_SERV_MOT.MOTIVO.KEY-NEXT-ITEM,ITEM,SOLICITUD_SERV_MOT.MOTIVO,KEY-NEXT-ITEM,0,0,0,0,0,0,0,0
TRG_ITEM:SOLICITUD_SERV_MOT.MOTIVO.WHEN-LIST-CHANGED,ITEM,SOLICITUD_SERV_MOT.MOTIVO,WHEN-LIST-CHANGED,0,0,0,0,0,0,0,2
TRG_ITEM:TARIFA_INCORRECTA.BTN_APLICAR.WHEN-BUTTON-PRESSED,ITEM,TARIFA_INCORRECTA.BTN_APLICAR,WHEN-BUTTON-PRESSED,0,0,0,0,0,0,0,5
TRG_ITEM:TARIFA_INCORRECTA.BTN_CANCELAR.WHEN-BUTTON-PRESSED,ITEM,TARIFA_INCORRECTA.BTN_CANCELAR,WHEN-BUTTON-PRESSED,0,0,0,0,0,0,0,0
TRG_ITEM:WEBUTIL.DUMMY.WHEN-BUTTON-PRESSED,ITEM,WEBUTIL.DUMMY,WHEN-BUTTON-PRESSED,0,0,0,0,0,0,0,1
TRG_ITEM:WEBUTIL.WEBUTIL_BROWSER_FUNCTIONS.WHEN-CUSTOM-ITEM-EVENT,ITEM,WEBUTIL.WEBUTIL_BROWSER_FUNCTIONS,WHEN-CUSTOM-ITEM-EVENT,0,0,0,0,0,0,0,1
TRG_ITEM:WEBUTIL.WEBUTIL_CLIENTINFO_FUNCTIONS.WHEN-CUSTOM-ITEM-EVENT,ITEM,WEBUTIL.WEBUTIL_CLIENTINFO_FUNCTIONS,WHEN-CUSTOM-ITEM-EVENT,0,0,0,0,0,0,0,1
TRG_ITEM:WEBUTIL.WEBUTIL_C_API_FUNCTIONS.WHEN-CUSTOM-ITEM-EVENT,ITEM,WEBUTIL.WEBUTIL_C_API_FUNCTIONS,WHEN-CUSTOM-ITEM-EVENT,0,0,0,0,0,0,0,1
TRG_ITEM:WEBUTIL.WEBUTIL_FILETRANSFER_FUNCTIONS.WHEN-CUSTOM-ITEM-EVENT,ITEM,WEBUTIL.WEBUTIL_FILETRANSFER_FUNCTIONS,WHEN-CUSTOM-ITEM-EVENT,0,0,0,0,0,0,0,1
TRG_ITEM:WEBUTIL.WEBUTIL_FILE_FUNCTIONS.WHEN-CUSTOM-ITEM-EVENT,ITEM,WEBUTIL.WEBUTIL_FILE_FUNCTIONS,WHEN-CUSTOM-ITEM-EVENT,0,0,0,0,0,0,0,1
TRG_ITEM:WEBUTIL.WEBUTIL_HOST_FUNCTIONS.WHEN-CUSTOM-ITEM-EVENT,ITEM,WEBUTIL.WEBUTIL_HOST_FUNCTIONS,WHEN-CUSTOM-ITEM-EVENT,0,0,0,0,0,0,0,1
TRG_ITEM:WEBUTIL.WEBUTIL_OLE_FUNCTIONS.WHEN-CUSTOM-ITEM-EVENT,ITEM,WEBUTIL.WEBUTIL_OLE_FUNCTIONS,WHEN-CUSTOM-ITEM-EVENT,0,0,0,0,0,0,0,1
TRG_ITEM:WEBUTIL.WEBUTIL_SESSION_FUNCTIONS.WHEN-CUSTOM-ITEM-EVENT,ITEM,WEBUTIL.WEBUTIL_SESSION_FUNCTIONS,WHEN-CUSTOM-ITEM-EVENT,0,0,0,0,0,0,0,1
