source,target,type,raw
PU:P_VERIFICAR_RESTRICCIONES,EXT:F_OBTEN_PARAMETRO_SEUS,EXTERNAL_CALL,F_OBTEN_PARAMETRO_SEUS
PU:P_VERIFICAR_RESTRICCIONES,PU:MSG_ALERT,INTERNAL_PU_CALL,MSG_ALERT
PU:P_VERIFICAR_RESTRICCIONES,EXT:pkg_restric_reembolso.p_restricciones,EXTERNAL_CALL,pkg_restric_reembolso.p_restricciones
PU:P_VERIFICAR_RESTRICCIONES,EXT:varchar2,EXTERNAL_CALL,varchar2
PU:CAMBIA_COLOR_HEADER,EXT:f_obten_parametro_color,EXTERNAL_CALL,f_obten_parametro_color
PU:CAMBIA_COLOR_HEADER,EXT:SET_CANVAS_PROPERTY,EXTERNAL_CALL,SET_CANVAS_PROPERTY
PU:CAMBIA_COLOR_HEADER,EXT:varchar2,EXTERNAL_CALL,varchar2
PU:TOOLBAR_ACTIONS,PU:DEL_TIMER,INTERNAL_PU_CALL,del_timer
PU:TOOLBAR_ACTIONS,PU:MSG_ALERT,INTERNAL_PU_CALL,MSG_ALERT
PU:TOOLBAR_ACTIONS,EXT:show_window,EXTERNAL_CALL,show_window
PU:TOOLBAR_ACTIONS,EXT:varchar2,EXTERNAL_CALL,varchar2
PU:BUTTON_HELP,PU:BUTTON_HELP,INTERNAL_PU_CALL,BUTTON_HELP
PU:BUTTON_HELP,PU:DEL_TIMER,INTERNAL_PU_CALL,del_timer
PU:DEL_TIMER,PU:DEL_TIMER,INTERNAL_PU_CALL,DEL_TIMER
PU:CGLY$RAISE_CANVAS,PU:CGLY$RAISE_CANVAS,INTERNAL_PU_CALL,CGLY$RAISE_CANVAS
PU:CGLY$DISPLAY_CANVASES,PU:CGLY$DISPLAY_CANVASES,INTERNAL_PU_CALL,CGLY$DISPLAY_CANVASES
PU:CGLY$DISPLAY_CANVASES,PU:CGLY$RAISE_CANVAS,INTERNAL_PU_CALL,CGLY$RAISE_CANVAS
PU:CGLY$DISPLAY_CANVASES,EXT:replace,EXTERNAL_CALL,replace
PU:CGLY$DISPLAY_CANVASES,EXT:VARCHAR2,EXTERNAL_CALL,VARCHAR2
PU:CGLY$CANVAS_MANAGEMENT,PU:CGLY$DISPLAY_CANVASES,INTERNAL_PU_CALL,CGLY$DISPLAY_CANVASES
PU:CGLY$CANVAS_MANAGEMENT,PU:CGLY$GET_RELATED_CANVASES,INTERNAL_PU_CALL,CGLY$GET_RELATED_CANVASES
PU:CGLY$CANVAS_MANAGEMENT,EXT:VARCHAR2,EXTERNAL_CALL,VARCHAR2
PU:MSG_ALERT,EXT:FIND_ALERT,EXTERNAL_CALL,FIND_ALERT
PU:MSG_ALERT,EXT:IN,EXTERNAL_CALL,IN
PU:MSG_ALERT,PU:MSG_ALERT,INTERNAL_PU_CALL,MSG_ALERT
PU:MSG_ALERT,EXT:SET_ALERT_PROPERTY,EXTERNAL_CALL,SET_ALERT_PROPERTY
PU:MANEJO_MENSAJES_ERRORES,EXT:Consulta,EXTERNAL_CALL,Consulta
PU:MANEJO_MENSAJES_ERRORES,EXT:Consultas,EXTERNAL_CALL,Consultas
PU:MANEJO_MENSAJES_ERRORES,EXT:LENGTH,EXTERNAL_CALL,LENGTH
PU:MANEJO_MENSAJES_ERRORES,PU:MANEJO_MENSAJES_ERRORES,INTERNAL_PU_CALL,MANEJO_MENSAJES_ERRORES
PU:MANEJO_MENSAJES_ERRORES,PU:MSG_ALERT,INTERNAL_PU_CALL,MSG_ALERT
PU:MANEJO_MENSAJES_ERRORES,EXT:VARCHAR2,EXTERNAL_CALL,VARCHAR2
PU:CGLY$GET_RELATED_CANVASES,PU:CGLY$GET_RELATED_CANVASES,INTERNAL_PU_CALL,CGLY$GET_RELATED_CANVASES
PU:POPULAR_LISTAS,EXT:create_group_from_query,EXTERNAL_CALL,create_group_from_query
PU:POPULAR_LISTAS,EXT:delete_group,EXTERNAL_CALL,delete_group
PU:POPULAR_LISTAS,EXT:EXISTS,EXTERNAL_CALL,EXISTS
PU:POPULAR_LISTAS,EXT:populate_group,EXTERNAL_CALL,populate_group
PU:POPULAR_LISTAS,EXT:populate_list,EXTERNAL_CALL,populate_list
PU:P_BUSCA_DATOS_AFILIADO,EXT:CUR_PLASTICO,EXTERNAL_CALL,CUR_PLASTICO
PU:P_BUSCA_DATOS_AFILIADO,EXT:C_BUSCA_ASE,EXTERNAL_CALL,C_BUSCA_ASE
PU:P_BUSCA_DATOS_AFILIADO,EXT:C_BUSCA_DEP,EXTERNAL_CALL,C_BUSCA_DEP
PU:P_BUSCA_DATOS_AFILIADO,EXT:Enfoco,EXTERNAL_CALL,Enfoco
PU:P_BUSCA_DATOS_AFILIADO,EXT:EXTRACT,EXTERNAL_CALL,EXTRACT
PU:P_BUSCA_DATOS_AFILIADO,EXT:IN,EXTERNAL_CALL,IN
PU:P_BUSCA_DATOS_AFILIADO,EXT:INNOVACORE.PKG_INNOVA.f_valida_plastico_fec_ser,EXTERNAL_CALL,INNOVACORE.PKG_INNOVA.f_valida_plastico_fec_ser
PU:P_BUSCA_DATOS_AFILIADO,EXT:INNOVACORE.PKG_INNOVA.F_VALIDA_PLASTICO_FEC_SER_INT,EXTERNAL_CALL,INNOVACORE.PKG_INNOVA.F_VALIDA_PLASTICO_FEC_SER_INT
PU:P_BUSCA_DATOS_AFILIADO,EXT:LENGTH,EXTERNAL_CALL,LENGTH
PU:P_BUSCA_DATOS_AFILIADO,EXT:LPAD,EXTERNAL_CALL,LPAD
PU:P_BUSCA_DATOS_AFILIADO,EXT:lpad,EXTERNAL_CALL,lpad
PU:P_BUSCA_DATOS_AFILIADO,PU:MSG_ALERT,INTERNAL_PU_CALL,MSG_ALERT
PU:P_BUSCA_DATOS_AFILIADO,EXT:PKG_GENERAL.F_OBTEN_PARAMETRO_SEUS,EXTERNAL_CALL,PKG_GENERAL.F_OBTEN_PARAMETRO_SEUS
PU:P_BUSCA_DATOS_AFILIADO,EXT:PKG_SYNC_CLIENTE_SAP.CODIGO_SAP,EXTERNAL_CALL,PKG_SYNC_CLIENTE_SAP.CODIGO_SAP
PU:P_BUSCA_DATOS_AFILIADO,PU:P_BUSCA_RAZON_FALLEC,INTERNAL_PU_CALL,P_BUSCA_RAZON_FALLEC
PU:P_BUSCA_DATOS_AFILIADO,PU:P_IMPRIME_MENSAJE,INTERNAL_PU_CALL,p_imprime_mensaje
PU:P_BUSCA_DATOS_AFILIADO,EXT:REEMBOLSO.SINCRONIZA_ASEGURADO_BP,EXTERNAL_CALL,REEMBOLSO.SINCRONIZA_ASEGURADO_BP
PU:P_BUSCA_DATOS_AFILIADO,EXT:VARCHAR2,EXTERNAL_CALL,VARCHAR2
PU:P_BUSCA_CORREO_AFILIADO,EXT:F_buscar_cliente_correo,EXTERNAL_CALL,F_buscar_cliente_correo
PU:P_BUSCA_CORREO_AFILIADO,PU:P_BUSCA_CORREO_AFILIADO,INTERNAL_PU_CALL,P_BUSCA_CORREO_AFILIADO
PU:P_BUSCA_CORREO_AFILIADO,EXT:VARCHAR2,EXTERNAL_CALL,VARCHAR2
PU:P_INSERTAR_CORREO,PU:P_IMPRIME_MENSAJE,INTERNAL_PU_CALL,p_imprime_mensaje
PU:P_INSERTAR_CORREO,PU:P_INSERTAR_CORREO,INTERNAL_PU_CALL,P_INSERTAR_CORREO
PU:P_INSERTAR_CORREO,EXT:REGISTRAR_CORREO,EXTERNAL_CALL,REGISTRAR_CORREO
PU:P_INSERTA_NUMERO_CUENTA,EXT:INNOVACORE.INSERTA_NUMERO_CUENTA,EXTERNAL_CALL,INNOVACORE.INSERTA_NUMERO_CUENTA
PU:P_INSERTA_NUMERO_CUENTA,PU:MSG_ALERT,INTERNAL_PU_CALL,MSG_ALERT
PU:P_INSERTA_NUMERO_CUENTA,EXT:VARCHAR2,EXTERNAL_CALL,VARCHAR2
PU:P_BUSCA_DATOS_CUENTA_BANCARIA,EXT:CUR_BUSCA_CEDULA,EXTERNAL_CALL,CUR_BUSCA_CEDULA
PU:P_BUSCA_DATOS_CUENTA_BANCARIA,EXT:CUR_BUSCA_PASAPORTE,EXTERNAL_CALL,CUR_BUSCA_PASAPORTE
PU:P_BUSCA_DATOS_CUENTA_BANCARIA,EXT:FOREBRA,EXTERNAL_CALL,FOREBRA
PU:P_BUSCA_DATOS_CUENTA_BANCARIA,PU:P_BUSCA_DATOS_CUENTA_BANCARIA,INTERNAL_PU_CALL,P_BUSCA_DATOS_CUENTA_BANCARIA
PU:P_BUSCA_DATOS_CUENTA_BANCARIA,EXT:VARCHAR2,EXTERNAL_CALL,VARCHAR2
PU:QUERY_MASTER_DETAILS,EXT:Get_Relation_Property,EXTERNAL_CALL,Get_Relation_Property
PU:QUERY_MASTER_DETAILS,EXT:VARCHAR2,EXTERNAL_CALL,VARCHAR2
PU:QUERY_MASTER_DETAILS,EXT:Variable,EXTERNAL_CALL,Variable
PU:CLEAR_ALL_MASTER_DETAILS,EXT:First_Changed_Block_Below,EXTERNAL_CALL,First_Changed_Block_Below
PU:CLEAR_ALL_MASTER_DETAILS,EXT:Get_Relation_Property,EXTERNAL_CALL,Get_Relation_Property
PU:CLEAR_ALL_MASTER_DETAILS,EXT:IN,EXTERNAL_CALL,IN
PU:CLEAR_ALL_MASTER_DETAILS,EXT:VARCHAR2,EXTERNAL_CALL,VARCHAR2
PU:P_LLENA_TABLA_TMP_PLAN,EXT:P_INSERTA_PLA_AFI_REEMB_SERV,EXTERNAL_CALL,P_INSERTA_PLA_AFI_REEMB_SERV
PU:P_VALIDA_ROL_USUARIO,EXT:F_VALIDAR_PERMISO,EXTERNAL_CALL,F_VALIDAR_PERMISO
PU:P_VALIDA_PLAN,EXT:C_EXISTE,EXTERNAL_CALL,C_EXISTE
PU:P_VALIDA_PLAN,EXT:F_BUSCA_NOMBRE_GERENTE,EXTERNAL_CALL,F_BUSCA_NOMBRE_GERENTE
PU:P_VALIDA_PLAN,EXT:F_BUSCA_NOMBRE_INTERMED,EXTERNAL_CALL,F_BUSCA_NOMBRE_INTERMED
PU:P_VALIDA_PLAN,PU:MSG_ALERT,INTERNAL_PU_CALL,MSG_ALERT
PU:P_LLENA_CARNET_AFI,PU:P_LLENA_CARNET_AFI,INTERNAL_PU_CALL,P_LLENA_CARNET_AFI
PU:P_IMPRIME_MENSAJE,EXT:DBAPER.F_CONVIERTE_CHAR_BOOLEAN,EXTERNAL_CALL,DBAPER.F_CONVIERTE_CHAR_BOOLEAN
PU:P_IMPRIME_MENSAJE,PU:MSG_ALERT,INTERNAL_PU_CALL,MSG_ALERT
PU:P_IMPRIME_MENSAJE,EXT:pkg_general.p_inserta_error,EXTERNAL_CALL,pkg_general.p_inserta_error
PU:P_IMPRIME_MENSAJE,EXT:PKG_PARAMETRO_GENERAL_PROCESO.P_CONFIG_MENSAJE_ALERT_FORMA,EXTERNAL_CALL,PKG_PARAMETRO_GENERAL_PROCESO.P_CONFIG_MENSAJE_ALERT_FORMA
PU:P_IMPRIME_MENSAJE,PU:P_IMPRIME_MENSAJE,INTERNAL_PU_CALL,p_imprime_mensaje
PU:P_IMPRIME_MENSAJE,EXT:varchar2,EXTERNAL_CALL,varchar2
PU:P_HABILITA_BLOQ_SERV,PU:P_HABILITA_BLOQ_SERV,INTERNAL_PU_CALL,P_HABILITA_BLOQ_SERV
PU:P_CARGA_SOLICITUD_PAGO,EXT:FOREBRA,EXTERNAL_CALL,FOREBRA
PU:P_CARGA_SOLICITUD_PAGO,EXT:PKG_GENERAL.F_OBTEN_PARAMETRO_SEUS,EXTERNAL_CALL,PKG_GENERAL.F_OBTEN_PARAMETRO_SEUS
PU:P_INSERTA_EN_RECLAMO,EXT:FOREBRA,EXTERNAL_CALL,FOREBRA
PU:P_INSERTA_EN_RECLAMO,PU:MSG_ALERT,INTERNAL_PU_CALL,MSG_ALERT
PU:P_INSERTA_EN_RECLAMO,EXT:PKG_GENERAL.F_OBTEN_PARAMETRO_SEUS,EXTERNAL_CALL,PKG_GENERAL.F_OBTEN_PARAMETRO_SEUS
PU:P_INSERTA_EN_RECLAMO,EXT:P_BUSCAR_RECLAMO,EXTERNAL_CALL,P_BUSCAR_RECLAMO
PU:P_INSERTA_EN_RECLAMO,PU:P_INSERTA_EN_RECLAMO,INTERNAL_PU_CALL,P_INSERTA_EN_RECLAMO
PU:P_INSERTA_EN_RECLAMO,EXT:P_INSERTA_RECLAMO_APROBADO,EXTERNAL_CALL,P_INSERTA_RECLAMO_APROBADO
PU:P_INSERTA_EN_RECLAMO,EXT:VARCHAR2,EXTERNAL_CALL,VARCHAR2
PU:P_VALIDARCOBERTURASAUTOMATICAS,EXT:add_months,EXTERNAL_CALL,add_months
PU:P_VALIDARCOBERTURASAUTOMATICAS,EXT:CUR_LIMITE_SERVICIO,EXTERNAL_CALL,CUR_LIMITE_SERVICIO
PU:P_VALIDARCOBERTURASAUTOMATICAS,EXT:DBAPER.PKG_GENERAL.F_OBTEN_PARAMETRO_SEUS,EXTERNAL_CALL,DBAPER.PKG_GENERAL.F_OBTEN_PARAMETRO_SEUS
PU:P_VALIDARCOBERTURASAUTOMATICAS,EXT:DBAPER.Tasa_Moneda,EXTERNAL_CALL,DBAPER.Tasa_Moneda
PU:P_VALIDARCOBERTURASAUTOMATICAS,EXT:exists,EXTERNAL_CALL,exists
PU:P_VALIDARCOBERTURASAUTOMATICAS,EXT:FOREBRA,EXTERNAL_CALL,FOREBRA
PU:P_VALIDARCOBERTURASAUTOMATICAS,PU:F_FREC_CONS_TEMP_IN_UP,INTERNAL_PU_CALL,F_FREC_CONS_TEMP_IN_UP
PU:P_VALIDARCOBERTURASAUTOMATICAS,PU:F_FREC_CONS_TEMP_SUMA,INTERNAL_PU_CALL,F_FREC_CONS_TEMP_SUMA
PU:P_VALIDARCOBERTURASAUTOMATICAS,EXT:F_TASA,EXTERNAL_CALL,F_TASA
PU:P_VALIDARCOBERTURASAUTOMATICAS,EXT:IN,EXTERNAL_CALL,IN
PU:P_VALIDARCOBERTURASAUTOMATICAS,EXT:in,EXTERNAL_CALL,in
PU:P_VALIDARCOBERTURASAUTOMATICAS,EXT:INNOVACORE.PKG_INNOVA.FDP_DET_TIPO_COB,EXTERNAL_CALL,INNOVACORE.PKG_INNOVA.FDP_DET_TIPO_COB
PU:P_VALIDARCOBERTURASAUTOMATICAS,PU:MSG_ALERT,INTERNAL_PU_CALL,MSG_ALERT
PU:P_VALIDARCOBERTURASAUTOMATICAS,EXT:PKG_GENERAL.F_OBTEN_PARAMETRO_SEUS,EXTERNAL_CALL,PKG_GENERAL.F_OBTEN_PARAMETRO_SEUS
PU:P_VALIDARCOBERTURASAUTOMATICAS,EXT:PKG_GENERAL.P_INSERTA_ERROR,EXTERNAL_CALL,PKG_GENERAL.P_INSERTA_ERROR
PU:P_VALIDARCOBERTURASAUTOMATICAS,EXT:PKG_INNOVA.P_VALIDA_DISPONIBLE_GMM,EXTERNAL_CALL,PKG_INNOVA.P_VALIDA_DISPONIBLE_GMM
PU:P_VALIDARCOBERTURASAUTOMATICAS,EXT:PKG_INNOVA.P_VALIDA_DISPONIBLE_SERVICIO,EXTERNAL_CALL,PKG_INNOVA.P_VALIDA_DISPONIBLE_SERVICIO
PU:P_VALIDARCOBERTURASAUTOMATICAS,PU:P_BUSCA_MOTIVO_RECHAZO,INTERNAL_PU_CALL,P_BUSCA_MOTIVO_RECHAZO
PU:P_VALIDARCOBERTURASAUTOMATICAS,PU:P_LLENA_CARNET_AFI,INTERNAL_PU_CALL,P_LLENA_CARNET_AFI
PU:P_VALIDARCOBERTURASAUTOMATICAS,PU:P_MANEJA_HABILITA_COB_ESTATUS,INTERNAL_PU_CALL,P_MANEJA_HABILITA_COB_ESTATUS
PU:P_VALIDARCOBERTURASAUTOMATICAS,PU:P_MON_CONS_TEMP_IN_UP,INTERNAL_PU_CALL,P_MON_CONS_TEMP_IN_UP
PU:P_VALIDARCOBERTURASAUTOMATICAS,EXT:P_PROCESA_AFILIADO_ARS,EXTERNAL_CALL,P_PROCESA_AFILIADO_ARS
PU:P_VALIDARCOBERTURASAUTOMATICAS,EXT:P_PROCESA_AFILIADO_SEG,EXTERNAL_CALL,P_PROCESA_AFILIADO_SEG
PU:P_VALIDARCOBERTURASAUTOMATICAS,EXT:reembolso.P_VALIDARCOBERTURASFRM_2,EXTERNAL_CALL,reembolso.P_VALIDARCOBERTURASFRM_2
PU:P_VALIDARCOBERTURASAUTOMATICAS,EXT:REGEXP_SUBSTR,EXTERNAL_CALL,REGEXP_SUBSTR
PU:P_VALIDARCOBERTURASAUTOMATICAS,EXT:varchar2,EXTERNAL_CALL,varchar2
PU:P_VALIDARCOBERTURASAUTOMATICAS,EXT:VARCHAR2,EXTERNAL_CALL,VARCHAR2
PU:P_LLENAR_BLOQUE_MOTIVO_RECHAZO,EXT:CUR_COB_SOL_MOTIVO_RECHAZO,EXTERNAL_CALL,CUR_COB_SOL_MOTIVO_RECHAZO
PU:P_LLENAR_BLOQUE_MOTIVO_RECHAZO,EXT:CUR_DESC_COBERTURA_SALUD,EXTERNAL_CALL,CUR_DESC_COBERTURA_SALUD
PU:P_LLENAR_BLOQUE_MOTIVO_RECHAZO,EXT:CUR_DESC_MOTIVO_RECHAZO,EXTERNAL_CALL,CUR_DESC_MOTIVO_RECHAZO
PU:P_LLENAR_BLOQUE_MOTIVO_RECHAZO,EXT:VARCHAR2,EXTERNAL_CALL,VARCHAR2
PU:PKG_REPORTE_SVC,EXT:ABRIR_NAVEGADOR,EXTERNAL_CALL,ABRIR_NAVEGADOR
PU:PKG_REPORTE_SVC,EXT:C,EXTERNAL_CALL,C
PU:PKG_REPORTE_SVC,EXT:carta_declinacion_inf,EXTERNAL_CALL,carta_declinacion_inf
PU:PKG_REPORTE_SVC,EXT:carta_informacion_inf,EXTERNAL_CALL,carta_informacion_inf
PU:PKG_REPORTE_SVC,EXT:CLIENT_HOST,EXTERNAL_CALL,CLIENT_HOST
PU:PKG_REPORTE_SVC,EXT:client_HOST,EXTERNAL_CALL,client_HOST
PU:PKG_REPORTE_SVC,EXT:DBAPER.PKG_GENERAL.F_OBTEN_PARAMETRO_SEUS,EXTERNAL_CALL,DBAPER.PKG_GENERAL.F_OBTEN_PARAMETRO_SEUS
PU:PKG_REPORTE_SVC,EXT:E,EXTERNAL_CALL,E
PU:PKG_REPORTE_SVC,EXT:Enfoco,EXTERNAL_CALL,Enfoco
PU:PKG_REPORTE_SVC,EXT:FOREBRA,EXTERNAL_CALL,FOREBRA
PU:PKG_REPORTE_SVC,EXT:GENERAR,EXTERNAL_CALL,GENERAR
PU:PKG_REPORTE_SVC,EXT:IN,EXTERNAL_CALL,IN
PU:PKG_REPORTE_SVC,EXT:ole2.add_arg,EXTERNAL_CALL,ole2.add_arg
PU:PKG_REPORTE_SVC,EXT:OLE2.CREATE_OBJ,EXTERNAL_CALL,OLE2.CREATE_OBJ
PU:PKG_REPORTE_SVC,EXT:ole2.destroy_arglist,EXTERNAL_CALL,ole2.destroy_arglist
PU:PKG_REPORTE_SVC,EXT:ole2.invoke,EXTERNAL_CALL,ole2.invoke
PU:PKG_REPORTE_SVC,EXT:ole2.release_obj,EXTERNAL_CALL,ole2.release_obj
PU:PKG_REPORTE_SVC,EXT:ReclamosSolProcesadaPagos_INF,EXTERNAL_CALL,ReclamosSolProcesadaPagos_INF
PU:PKG_REPORTE_SVC,EXT:ReclamosSolProcesadaPagos_pri,EXTERNAL_CALL,ReclamosSolProcesadaPagos_pri
PU:PKG_REPORTE_SVC,EXT:reembolso.F_CALCULAR_FECHA,EXTERNAL_CALL,reembolso.F_CALCULAR_FECHA
PU:PKG_REPORTE_SVC,EXT:REPLACE,EXTERNAL_CALL,REPLACE
PU:PKG_REPORTE_SVC,EXT:varchar,EXTERNAL_CALL,varchar
PU:PKG_REPORTE_SVC,EXT:varchar2,EXTERNAL_CALL,varchar2
PU:PKG_REPORTE_SVC,EXT:VARCHAR2,EXTERNAL_CALL,VARCHAR2
PU:CGHP$CALL_HELP_FORM,EXT:Add_Parameter,EXTERNAL_CALL,Add_Parameter
PU:CGHP$CALL_HELP_FORM,PU:CGHP$CALL_HELP_FORM,INTERNAL_PU_CALL,CGHP$CALL_HELP_FORM
PU:CGHP$CALL_HELP_FORM,EXT:Create_Parameter_list,EXTERNAL_CALL,Create_Parameter_list
PU:CGHP$CALL_HELP_FORM,EXT:default_value,EXTERNAL_CALL,default_value
PU:CGHP$CALL_HELP_FORM,EXT:Destroy_Parameter_list,EXTERNAL_CALL,Destroy_Parameter_list
PU:CGHP$CALL_HELP_FORM,EXT:length,EXTERNAL_CALL,length
PU:CGHP$CALL_HELP_FORM,EXT:varchar2,EXTERNAL_CALL,varchar2
PU:CGIM$READ_IMAGE_FILE,PU:CGIM$READ_IMAGE_FILE,INTERNAL_PU_CALL,CGIM$READ_IMAGE_FILE
PU:CGIM$READ_IMAGE_FILE,EXT:char,EXTERNAL_CALL,char
PU:CGIM$READ_IMAGE_FILE,EXT:find_item,EXTERNAL_CALL,find_item
PU:CGIM$READ_IMAGE_FILE,EXT:greatest,EXTERNAL_CALL,greatest
PU:CGIM$READ_IMAGE_FILE,EXT:in,EXTERNAL_CALL,in
PU:CGIM$READ_IMAGE_FILE,EXT:length,EXTERNAL_CALL,length
PU:CGIM$READ_IMAGE_FILE,EXT:read_image_file,EXTERNAL_CALL,read_image_file
PU:CGLY$SYNC_CANVAS,PU:CGLY$SYNC_CANVAS,INTERNAL_PU_CALL,CGLY$SYNC_CANVAS
PU:CGLY$SYNC_CANVAS,EXT:find_view,EXTERNAL_CALL,find_view
PU:CGLY$SYNC_CANVAS,EXT:number,EXTERNAL_CALL,number
PU:CGTE$POP_ERROR_STACK,PU:CGTE$POP_ERROR_STACK,INTERNAL_PU_CALL,CGTE$POP_ERROR_STACK
PU:CGTE$STRIP_CONSTRAINT,PU:CGTE$STRIP_CONSTRAINT,INTERNAL_PU_CALL,CGTE$STRIP_CONSTRAINT
PU:CGTE$STRIP_CONSTRAINT,EXT:return,EXTERNAL_CALL,return
PU:CGTE$STRIP_FIRST_ERROR,PU:CGTE$STRIP_FIRST_ERROR,INTERNAL_PU_CALL,CGTE$STRIP_FIRST_ERROR
PU:CGTE$STRIP_FIRST_ERROR,EXT:return,EXTERNAL_CALL,return
PU:P_AJUSTA_ESTATUS_SOL_PAG,EXT:IN,EXTERNAL_CALL,IN
PU:P_AJUSTA_ESTATUS_SOL_PAG,EXT:PKG_GENERAL.F_OBTEN_PARAMETRO_SEUS,EXTERNAL_CALL,PKG_GENERAL.F_OBTEN_PARAMETRO_SEUS
PU:COMPARAISON,PU:COMPARAISON,INTERNAL_PU_CALL,COMPARAISON
PU:COMPARAISON,EXT:return,EXTERNAL_CALL,return
PU:P_VALIDA_ASEGURADO_BAN,EXT:DBAPER.PKG_GENERAL.P_INSERTA_ERROR,EXTERNAL_CALL,DBAPER.PKG_GENERAL.P_INSERTA_ERROR
PU:P_VALIDA_ASEGURADO_BAN,EXT:Email,EXTERNAL_CALL,Email
PU:P_VALIDA_ASEGURADO_BAN,EXT:FOREBRA,EXTERNAL_CALL,FOREBRA
PU:P_VALIDA_ASEGURADO_BAN,PU:MSG_ALERT,INTERNAL_PU_CALL,MSG_ALERT
PU:P_VALIDA_ASEGURADO_BAN,EXT:PKG_GENERAL.F_OBTEN_PARAMETRO_SEUS,EXTERNAL_CALL,PKG_GENERAL.F_OBTEN_PARAMETRO_SEUS
PU:P_VALIDA_ASEGURADO_BAN,EXT:REEMBOLSO.HISTORICO_FRAUDES,EXTERNAL_CALL,REEMBOLSO.HISTORICO_FRAUDES
PU:P_VALIDA_ASEGURADO_BAN,EXT:VALUES,EXTERNAL_CALL,VALUES
PU:P_VALIDA_ASEGURADO_BAN,EXT:VARCHAR2,EXTERNAL_CALL,VARCHAR2
PU:P_VALIDA_DATOS_REEMBOLSO,EXT:f_valida_regular_expression,EXTERNAL_CALL,f_valida_regular_expression
PU:P_VALIDA_DATOS_REEMBOLSO,EXT:IN,EXTERNAL_CALL,IN
PU:P_VALIDA_DATOS_REEMBOLSO,EXT:in,EXTERNAL_CALL,in
PU:P_VALIDA_DATOS_REEMBOLSO,EXT:length,EXTERNAL_CALL,length
PU:P_VALIDA_DATOS_REEMBOLSO,PU:P_IMPRIME_MENSAJE,INTERNAL_PU_CALL,p_imprime_mensaje
PU:P_VALIDA_SOLICITUD_DUPLICADA,EXT:c_existe_cobertura,EXTERNAL_CALL,c_existe_cobertura
PU:P_VALIDA_SOLICITUD_DUPLICADA,EXT:c_existe_diagnostico,EXTERNAL_CALL,c_existe_diagnostico
PU:P_VALIDA_SOLICITUD_DUPLICADA,EXT:in,EXTERNAL_CALL,in
PU:P_VALIDA_SOLICITUD_DUPLICADA,EXT:PKG_GENERAL.F_OBTEN_PARAMETRO_SEUS,EXTERNAL_CALL,PKG_GENERAL.F_OBTEN_PARAMETRO_SEUS
PU:P_VALIDA_SOLICITUD_DUPLICADA,PU:P_IMPRIME_MENSAJE,INTERNAL_PU_CALL,p_imprime_mensaje
PU:P_VALIDA_SOLICITUD_DUPLICADA,PU:P_VALIDA_SOLICITUD_DUPLICADA,INTERNAL_PU_CALL,p_valida_solicitud_duplicada
PU:P_VALIDA_SOLICITUD_DUPLI_COB,EXT:c_existe_cobertura,EXTERNAL_CALL,c_existe_cobertura
PU:P_VALIDA_SOLICITUD_DUPLI_COB,EXT:c_existe_diagnostico,EXTERNAL_CALL,c_existe_diagnostico
PU:P_VALIDA_SOLICITUD_DUPLI_COB,EXT:EXISTS,EXTERNAL_CALL,EXISTS
PU:P_VALIDA_SOLICITUD_DUPLI_COB,EXT:FOREBRA,EXTERNAL_CALL,FOREBRA
PU:P_VALIDA_SOLICITUD_DUPLI_COB,EXT:GO_RECORD,EXTERNAL_CALL,GO_RECORD
PU:P_VALIDA_SOLICITUD_DUPLI_COB,EXT:IN,EXTERNAL_CALL,IN
PU:P_VALIDA_SOLICITUD_DUPLI_COB,EXT:in,EXTERNAL_CALL,in
PU:P_VALIDA_SOLICITUD_DUPLI_COB,PU:MSG_ALERT,INTERNAL_PU_CALL,MSG_ALERT
PU:P_VALIDA_SOLICITUD_DUPLI_COB,EXT:PKG_GENERAL.F_OBTEN_PARAMETRO_SEUS,EXTERNAL_CALL,PKG_GENERAL.F_OBTEN_PARAMETRO_SEUS
PU:P_VALIDA_SOLICITUD_DUPLI_COB,PU:P_IMPRIME_MENSAJE,INTERNAL_PU_CALL,p_imprime_mensaje
PU:P_VALIDA_SOLICITUD_DUPLI_COB,PU:P_VALIDA_SOLICITUD_DUPLI_COB,INTERNAL_PU_CALL,p_valida_solicitud_dupli_cob
PU:P_LLENA_TABLAS_TEMPORALES_TABS,EXT:FOREBRA,EXTERNAL_CALL,FOREBRA
PU:P_LLENA_TABLAS_TEMPORALES_TABS,EXT:PKG_BUSCA_INFO_ASE.P_BUSCA_AFI_CONTACTO_PREF,EXTERNAL_CALL,PKG_BUSCA_INFO_ASE.P_BUSCA_AFI_CONTACTO_PREF
PU:P_LLENA_TABLAS_TEMPORALES_TABS,EXT:PKG_BUSCA_INFO_ASE.P_BUSCA_CORREOS,EXTERNAL_CALL,PKG_BUSCA_INFO_ASE.P_BUSCA_CORREOS
PU:P_LLENA_TABLAS_TEMPORALES_TABS,EXT:PKG_BUSCA_INFO_ASE.P_BUSCA_DEPENDIENTES,EXTERNAL_CALL,PKG_BUSCA_INFO_ASE.P_BUSCA_DEPENDIENTES
PU:P_LLENA_TABLAS_TEMPORALES_TABS,EXT:PKG_BUSCA_INFO_ASE.P_BUSCA_ENDOSO_INT,EXTERNAL_CALL,PKG_BUSCA_INFO_ASE.P_BUSCA_ENDOSO_INT
PU:P_LLENA_TABLAS_TEMPORALES_TABS,EXT:PKG_BUSCA_INFO_ASE.P_BUSCA_ENDOSO_LOCAL,EXTERNAL_CALL,PKG_BUSCA_INFO_ASE.P_BUSCA_ENDOSO_LOCAL
PU:P_LLENA_TABLAS_TEMPORALES_TABS,EXT:PKG_BUSCA_INFO_ASE.P_BUSCA_LIMITES,EXTERNAL_CALL,PKG_BUSCA_INFO_ASE.P_BUSCA_LIMITES
PU:P_LLENA_TABLAS_TEMPORALES_TABS,EXT:PKG_BUSCA_INFO_ASE.P_BUSCA_LIMITE_MEDICAMENTOS,EXTERNAL_CALL,PKG_BUSCA_INFO_ASE.P_BUSCA_LIMITE_MEDICAMENTOS
PU:P_LLENA_TABLAS_TEMPORALES_TABS,EXT:PKG_BUSCA_INFO_ASE.P_BUSCA_PLANES,EXTERNAL_CALL,PKG_BUSCA_INFO_ASE.P_BUSCA_PLANES
PU:P_LLENA_TABLAS_TEMPORALES_TABS,EXT:PKG_BUSCA_INFO_ASE.P_BUSCA_PLANES_DENTALES,EXTERNAL_CALL,PKG_BUSCA_INFO_ASE.P_BUSCA_PLANES_DENTALES
PU:P_LLENA_TABLAS_TEMPORALES_TABS,EXT:PKG_BUSCA_INFO_ASE.P_BUSCA_TELEFONOS,EXTERNAL_CALL,PKG_BUSCA_INFO_ASE.P_BUSCA_TELEFONOS
PU:P_LLENA_TABLAS_TEMPORALES_TABS,EXT:REEMBOLSO.PKG_BUSCA_INFO_ASE.P_BUSCA_DATOS_ASEG2,EXTERNAL_CALL,REEMBOLSO.PKG_BUSCA_INFO_ASE.P_BUSCA_DATOS_ASEG2
PU:P_LLENA_TABLAS_TEMPORALES_TABS,EXT:REEMBOLSO.PKG_BUSCA_INFO_ASE.P_ELIMINA_TABLAS_TEMPORALES,EXTERNAL_CALL,REEMBOLSO.PKG_BUSCA_INFO_ASE.P_ELIMINA_TABLAS_TEMPORALES
PU:P_LLENA_TABLAS_TEMPORALES_TABS,EXT:VARCHAR2,EXTERNAL_CALL,VARCHAR2
PU:P_RECONSULTA_ENDOSOS_AFILIADO,EXT:PKG_BUSCA_INFO_ASE.P_BUSCA_ENDOSO_INT,EXTERNAL_CALL,PKG_BUSCA_INFO_ASE.P_BUSCA_ENDOSO_INT
PU:P_RECONSULTA_ENDOSOS_AFILIADO,EXT:PKG_BUSCA_INFO_ASE.P_BUSCA_ENDOSO_LOCAL,EXTERNAL_CALL,PKG_BUSCA_INFO_ASE.P_BUSCA_ENDOSO_LOCAL
PU:P_VALIDA_ASEGURADO_PLAN_VIG,EXT:IN,EXTERNAL_CALL,IN
PU:P_VALIDA_ASEGURADO_PLAN_VIG,PU:P_IMPRIME_MENSAJE,INTERNAL_PU_CALL,p_imprime_mensaje
PU:P_VALIDA_VIG_ASE_FEC,PU:MSG_ALERT,INTERNAL_PU_CALL,MSG_ALERT
PU:P_AGREGA_RECL_SELECCIONADOS,EXT:F_OBTEN_PARAMETRO_SEUS,EXTERNAL_CALL,F_OBTEN_PARAMETRO_SEUS
PU:P_AGREGA_RECL_SELECCIONADOS,EXT:IN,EXTERNAL_CALL,IN
PU:P_AGREGA_RECL_SELECCIONADOS,EXT:NUMBER,EXTERNAL_CALL,NUMBER
PU:P_AGREGA_RECL_SELECCIONADOS,PU:P_IMPRIME_MENSAJE,INTERNAL_PU_CALL,p_imprime_mensaje
PU:P_AGREGA_RECL_SELECCIONADOS,PU:P_AGREGA_RECL_SELECCIONADOS,INTERNAL_PU_CALL,REEMBOLSO.P_AGREGA_RECL_SELECCIONADOS
PU:P_VALIDA_COB_VACUNA,EXT:C_EDAD,EXTERNAL_CALL,C_EDAD
PU:P_VALIDA_COB_VACUNA,PU:MSG_ALERT,INTERNAL_PU_CALL,MSG_ALERT
PU:P_VALIDA_COB_VACUNA,EXT:PKG_GENERAL.F_OBTEN_PARAMETRO_SEUS,EXTERNAL_CALL,PKG_GENERAL.F_OBTEN_PARAMETRO_SEUS
PU:P_VALIDA_COB_VACUNA,PU:P_MANEJA_HABILITA_COB_ESTATUS,INTERNAL_PU_CALL,P_MANEJA_HABILITA_COB_ESTATUS
PU:P_VALIDA_COB_VACUNA,EXT:VARCHAR2,EXTERNAL_CALL,VARCHAR2
PU:P_MANEJA_HABILITA_COB_ESTATUS,PU:P_MANEJA_HABILITA_COB_ESTATUS,INTERNAL_PU_CALL,P_MANEJA_HABILITA_COB_ESTATUS
PU:P_MANEJA_HABILITA_COB_ESTATUS,EXT:SET_ITEM_INSTANCE_PROPERTY,EXTERNAL_CALL,SET_ITEM_INSTANCE_PROPERTY
PU:P_VALIDA_ACT_ESTATUS_COB,PU:P_MANEJA_HABILITA_COB_ESTATUS,INTERNAL_PU_CALL,P_MANEJA_HABILITA_COB_ESTATUS
PU:P_INSERTA_EN_RECL_RECHAZO,EXT:P_BUSCAR_RECLAMO,EXTERNAL_CALL,P_BUSCAR_RECLAMO
PU:P_INSERTA_EN_RECL_RECHAZO,PU:P_INSERTA_EN_RECL_RECHAZO,INTERNAL_PU_CALL,P_INSERTA_EN_RECL_RECHAZO
PU:P_INSERTA_EN_RECL_RECHAZO,EXT:P_INSERTA_RECLAMO_RECHAZADO,EXTERNAL_CALL,P_INSERTA_RECLAMO_RECHAZADO
PU:P_INSERTA_EN_RECL_RECHAZO,EXT:VARCHAR2,EXTERNAL_CALL,VARCHAR2
PU:P_ANULA_RECLAMACION,EXT:PKG_GENERAL.F_OBTEN_PARAMETRO_SEUS,EXTERNAL_CALL,PKG_GENERAL.F_OBTEN_PARAMETRO_SEUS
PU:P_ANULA_RECLAMACION,PU:P_ANULA_RECLAMACION,INTERNAL_PU_CALL,P_ANULA_RECLAMACION
PU:P_ANULA_RECLAMACION,EXT:P_BUSCAR_RECLAMO,EXTERNAL_CALL,P_BUSCAR_RECLAMO
PU:F_FREC_CONS_TEMP_IN_UP,PU:F_FREC_CONS_TEMP_IN_UP,INTERNAL_PU_CALL,F_FREC_CONS_TEMP_IN_UP
PU:F_FREC_CONS_TEMP_IN_UP,EXT:REEMBOLSO.FRECUENCIA_CONSUMIDA_TEMP,EXTERNAL_CALL,REEMBOLSO.FRECUENCIA_CONSUMIDA_TEMP
PU:F_FREC_CONS_TEMP_IN_UP,EXT:VALUES,EXTERNAL_CALL,VALUES
PU:F_FREC_CONS_TEMP_SUMA,PU:F_FREC_CONS_TEMP_SUMA,INTERNAL_PU_CALL,F_FREC_CONS_TEMP_SUMA
PU:PROCESO_VALIDAR_CUENTAS,EXT:B.CODIGO,EXTERNAL_CALL,B.CODIGO
PU:PROCESO_VALIDAR_CUENTAS,EXT:D.CODIGO,EXTERNAL_CALL,D.CODIGO
PU:PROCESO_VALIDAR_CUENTAS,EXT:E.CODIGO,EXTERNAL_CALL,E.CODIGO
PU:PROCESO_VALIDAR_CUENTAS,EXT:IN,EXTERNAL_CALL,IN
PU:PROCESO_VALIDAR_CUENTAS,EXT:LENGTH,EXTERNAL_CALL,LENGTH
PU:PROCESO_VALIDAR_CUENTAS,PU:MSG_ALERT,INTERNAL_PU_CALL,MSG_ALERT
PU:P_MON_CONS_TEMP_IN_UP,EXT:PKG_GENERAL.P_INSERTA_ERROR,EXTERNAL_CALL,PKG_GENERAL.P_INSERTA_ERROR
PU:P_MON_CONS_TEMP_IN_UP,PU:P_MON_CONS_TEMP_IN_UP,INTERNAL_PU_CALL,P_MON_CONS_TEMP_IN_UP
PU:P_MON_CONS_TEMP_IN_UP,EXT:REEMBOLSO.MONTO_CONSUMIDO_TEMP,EXTERNAL_CALL,REEMBOLSO.MONTO_CONSUMIDO_TEMP
PU:P_MON_CONS_TEMP_IN_UP,EXT:VALUES,EXTERNAL_CALL,VALUES
PU:P_VALIDA_BLACKLIST_ASEGURADO,EXT:FOREBRA,EXTERNAL_CALL,FOREBRA
PU:P_VALIDA_BLACKLIST_ASEGURADO,PU:MSG_ALERT,INTERNAL_PU_CALL,MSG_ALERT
PU:F_BUSCA_TARIFA_URA,PU:F_BUSCA_TARIFA_URA,INTERNAL_PU_CALL,f_busca_tarifa_ura
PU:F_BUSCA_TARIFA_URA,EXT:pkg_general.p_inserta_error,EXTERNAL_CALL,pkg_general.p_inserta_error
PU:F_BUSCA_TARIFA_URA,PU:F_BUSCA_TARIFA_URA,INTERNAL_PU_CALL,PKG_TARIFAS_URA.F_BUSCA_TARIFA_URA
PU:F_BUSCA_TARIFA_URA,EXT:return,EXTERNAL_CALL,return
PU:P_VALIDA_GRUPO_COB,EXT:DBAPER.F_CONVIERTE_CHAR_BOOLEAN,EXTERNAL_CALL,DBAPER.F_CONVIERTE_CHAR_BOOLEAN
PU:P_VALIDA_GRUPO_COB,EXT:F_VERIFICA_USUARIO,EXTERNAL_CALL,F_VERIFICA_USUARIO
PU:P_VALIDA_GRUPO_COB,PU:MSG_ALERT,INTERNAL_PU_CALL,MSG_ALERT
PU:P_VALIDA_GRUPO_COB,EXT:PKG_GENERAL.P_INSERTA_ERROR,EXTERNAL_CALL,PKG_GENERAL.P_INSERTA_ERROR
PU:P_VALIDA_GRUPO_COB,EXT:PKG_PARAMETRO_GENERAL_PROCESO.P_CONFIG_MENSAJE_ALERT_FORMA,EXTERNAL_CALL,PKG_PARAMETRO_GENERAL_PROCESO.P_CONFIG_MENSAJE_ALERT_FORMA
PU:P_VALIDA_GRUPO_COB,EXT:PKG_VALIDAR_MON_MAX_GRUPO_SI.P_VALIDAR_MON_MAX_GRUPO,EXTERNAL_CALL,PKG_VALIDAR_MON_MAX_GRUPO_SI.P_VALIDAR_MON_MAX_GRUPO
PU:P_VALIDA_GRUPO_COB,PU:P_VALIDA_GRUPO_COB,INTERNAL_PU_CALL,P_VALIDA_GRUPO_COB
PU:P_VALIDA_GRUPO_COB,EXT:varchar2,EXTERNAL_CALL,varchar2
PU:P_VALIDA_GRUPO_COB,EXT:VARCHAR2,EXTERNAL_CALL,VARCHAR2
PU:P_SPOOL_EXGRATIA,EXT:F_OBTEN_PARAMETRO_SEUS,EXTERNAL_CALL,F_OBTEN_PARAMETRO_SEUS
PU:P_SPOOL_EXGRATIA,EXT:NUMBER,EXTERNAL_CALL,NUMBER
PU:P_SPOOL_EXGRATIA,PU:P_IMPRIME_MENSAJE,INTERNAL_PU_CALL,p_imprime_mensaje
PU:P_SPOOL_EXGRATIA,EXT:P_INSERT_SPOOL_EXGRATIA,EXTERNAL_CALL,P_INSERT_SPOOL_EXGRATIA
PU:P_SPOOL_EXGRATIA,EXT:VARCHAR2,EXTERNAL_CALL,VARCHAR2
PU:F_USUARIO_AUTORIZADO,EXT:return,EXTERNAL_CALL,return
PU:P_VALIDA_USUARIO_APROB,EXT:F_OBTEN_PARAMETRO_SEUS,EXTERNAL_CALL,F_OBTEN_PARAMETRO_SEUS
PU:P_VALIDA_USUARIO_APROB,EXT:IN,EXTERNAL_CALL,IN
PU:P_VALIDA_USUARIO_APROB,EXT:NUMBER,EXTERNAL_CALL,NUMBER
PU:P_VALIDA_USUARIO_APROB,PU:P_IMPRIME_MENSAJE,INTERNAL_PU_CALL,p_imprime_mensaje
PU:P_VALIDA_USUARIO_APROB,PU:P_VALIDA_USUARIO_APROB,INTERNAL_PU_CALL,P_VALIDA_USUARIO_APROB
PU:P_VALIDA_USUARIO_APROB,EXT:VARCHAR2,EXTERNAL_CALL,VARCHAR2
PU:P_ALERTA_MENSAJE,EXT:pkg_general.p_inserta_error,EXTERNAL_CALL,pkg_general.p_inserta_error
PU:P_ALERTA_MENSAJE,PU:P_ALERTA_MENSAJE,INTERNAL_PU_CALL,P_ALERTA_MENSAJE
PU:P_ALERTA_MENSAJE,EXT:set_alert_property,EXTERNAL_CALL,set_alert_property
PU:P_HABILITA_BLOCK_EXGRATIA,EXT:F_OBTEN_PARAMETRO_SEUS,EXTERNAL_CALL,F_OBTEN_PARAMETRO_SEUS
PU:P_HABILITA_BLOCK_EXGRATIA,EXT:NUMBER,EXTERNAL_CALL,NUMBER
PU:P_HABILITA_BLOCK_EXGRATIA,PU:P_HABILITA_BLOCK_EXGRATIA,INTERNAL_PU_CALL,P_HABILITA_BLOCK_EXGRATIA
PU:P_VALIDA_MONTO_PAGAR,EXT:es,EXTERNAL_CALL,es
PU:P_VALIDA_MONTO_PAGAR,PU:F_BUSCA_TARIFA_URA,INTERNAL_PU_CALL,F_BUSCA_TARIFA_URA
PU:P_VALIDA_MONTO_PAGAR,PU:F_USUARIO_AUTORIZADO,INTERNAL_PU_CALL,F_USUARIO_AUTORIZADO
PU:P_VALIDA_MONTO_PAGAR,EXT:number,EXTERNAL_CALL,number
PU:P_VALIDA_MONTO_PAGAR,PU:P_ALERTA_MENSAJE,INTERNAL_PU_CALL,p_alerta_mensaje
PU:P_BUSCA_RAZON_FALLEC,EXT:Encofo,EXTERNAL_CALL,Encofo
PU:P_BUSCA_RAZON_FALLEC,PU:P_BUSCA_RAZON_FALLEC,INTERNAL_PU_CALL,P_BUSCA_RAZON_FALLEC
PU:P_ROLLBACK_FALLECIDO,EXT:Encofo,EXTERNAL_CALL,Encofo
PU:P_ROLLBACK_FALLECIDO,EXT:F_OBTEN_PARAMETRO_SEUS,EXTERNAL_CALL,F_OBTEN_PARAMETRO_SEUS
PU:P_ROLLBACK_FALLECIDO,PU:P_ROLLBACK_FALLECIDO,INTERNAL_PU_CALL,P_ROLLBACK_FALLECIDO
PU:P_ROLLBACK_FALLECIDO,EXT:VARCHAR2,EXTERNAL_CALL,VARCHAR2
PU:P_SPOOL_REEMB_POLIZA_SUSP,EXT:F_OBTEN_PARAMETRO_SEUS,EXTERNAL_CALL,F_OBTEN_PARAMETRO_SEUS
PU:P_SPOOL_REEMB_POLIZA_SUSP,EXT:NUMBER,EXTERNAL_CALL,NUMBER
PU:P_SPOOL_REEMB_POLIZA_SUSP,PU:P_IMPRIME_MENSAJE,INTERNAL_PU_CALL,p_imprime_mensaje
PU:P_SPOOL_REEMB_POLIZA_SUSP,EXT:REEMBOLSO.P_INSERT_SPOOL_POL_SUSP_REEMB,EXTERNAL_CALL,REEMBOLSO.P_INSERT_SPOOL_POL_SUSP_REEMB
PU:P_SPOOL_REEMB_POLIZA_SUSP,EXT:VARCHAR2,EXTERNAL_CALL,VARCHAR2
PU:P_VALIDA_REEMBOLSO_USUARIO,EXT:F_OBTEN_PARAMETRO_SEUS,EXTERNAL_CALL,F_OBTEN_PARAMETRO_SEUS
PU:P_VALIDA_REEMBOLSO_USUARIO,EXT:NUMBER,EXTERNAL_CALL,NUMBER
PU:P_VALIDA_REEMBOLSO_USUARIO,PU:P_IMPRIME_MENSAJE,INTERNAL_PU_CALL,p_imprime_mensaje
PU:P_VALIDA_REEMBOLSO_USUARIO,EXT:REEMBOLSO.P_VALIDAR_NUCLEO_REEMBOLSO,EXTERNAL_CALL,REEMBOLSO.P_VALIDAR_NUCLEO_REEMBOLSO
PU:P_VALIDA_REEMBOLSO_USUARIO,EXT:VARCHAR2,EXTERNAL_CALL,VARCHAR2
PU:P_RESTRICCIONES_SERV,EXT:F_OBTEN_PARAMETRO_SEUS,EXTERNAL_CALL,F_OBTEN_PARAMETRO_SEUS
PU:P_RESTRICCIONES_SERV,EXT:INNOVACORE.PKG_INNOVA.FDP_DET_TIPO_COB,EXTERNAL_CALL,INNOVACORE.PKG_INNOVA.FDP_DET_TIPO_COB
PU:P_RESTRICCIONES_SERV,PU:P_RESTRICCIONES_SERV,INTERNAL_PU_CALL,p_restricciones_serv
PU:P_RESTRICCIONES_SERV,EXT:varchar2,EXTERNAL_CALL,varchar2
PU:P_ACTUALIZA_SOLICITUD,EXT:INNOVACORE.PKG_INNOVA.FDP_DET_TIPO_COB,EXTERNAL_CALL,INNOVACORE.PKG_INNOVA.FDP_DET_TIPO_COB
PU:P_ACTUALIZA_SOLICITUD,EXT:reembolso.pkg_restric_reembolso.p_act_solicitud,EXTERNAL_CALL,reembolso.pkg_restric_reembolso.p_act_solicitud
PU:P_BUSCA_MOTIVO_BLOQUEO_ASE,EXT:F_OBTEN_PARAMETRO_SEUS,EXTERNAL_CALL,F_OBTEN_PARAMETRO_SEUS
PU:P_BUSCA_MOTIVO_BLOQUEO_ASE,EXT:NUMBER,EXTERNAL_CALL,NUMBER
PU:P_BUSCA_MOTIVO_BLOQUEO_ASE,EXT:PKG_MOT_BLOQUEO.F_BUSCA_DSP_ACCION,EXTERNAL_CALL,PKG_MOT_BLOQUEO.F_BUSCA_DSP_ACCION
PU:P_BUSCA_MOTIVO_BLOQUEO_ASE,EXT:PKG_MOT_BLOQUEO.F_BUSCA_DSP_MOTIVO,EXTERNAL_CALL,PKG_MOT_BLOQUEO.F_BUSCA_DSP_MOTIVO
PU:P_BUSCA_MOTIVO_BLOQUEO_ASE,EXT:PKG_MOT_BLOQUEO.P_BUSCA_MOT_BLOQ_ASEGURADO,EXTERNAL_CALL,PKG_MOT_BLOQUEO.P_BUSCA_MOT_BLOQ_ASEGURADO
PU:P_BUSCA_MOTIVO_BLOQUEO_ASE,PU:P_BUSCA_MOTIVO_BLOQUEO_ASE,INTERNAL_PU_CALL,P_BUSCA_MOTIVO_BLOQUEO_ASE
PU:P_BUSCA_MOTIVO_BLOQUEO_ASE,EXT:VARCHAR2,EXTERNAL_CALL,VARCHAR2
PU:P_BUSCA_MOTIVO_RECHAZO,EXT:F_OBTEN_PARAMETRO_SEUS,EXTERNAL_CALL,F_OBTEN_PARAMETRO_SEUS
PU:P_BUSCA_MOTIVO_RECHAZO,EXT:Number,EXTERNAL_CALL,Number
PU:P_BUSCA_MOTIVO_RECHAZO,EXT:NUMBER,EXTERNAL_CALL,NUMBER
PU:P_BUSCA_MOTIVO_RECHAZO,EXT:PKG_MOT_BLOQUEO.F_BUSCA_DSP_ACCION,EXTERNAL_CALL,PKG_MOT_BLOQUEO.F_BUSCA_DSP_ACCION
PU:P_BUSCA_MOTIVO_RECHAZO,EXT:PKG_MOT_BLOQUEO.F_BUSCA_DSP_MOTIVO,EXTERNAL_CALL,PKG_MOT_BLOQUEO.F_BUSCA_DSP_MOTIVO
PU:P_BUSCA_MOTIVO_RECHAZO,EXT:PKG_MOT_BLOQUEO.P_BUSCA_MOT_BLOQ_ASEGURADO,EXTERNAL_CALL,PKG_MOT_BLOQUEO.P_BUSCA_MOT_BLOQ_ASEGURADO
PU:P_BUSCA_MOTIVO_RECHAZO,EXT:PKG_MOT_BLOQUEO.P_BUSCA_MOT_BLOQ_PRESTADOR,EXTERNAL_CALL,PKG_MOT_BLOQUEO.P_BUSCA_MOT_BLOQ_PRESTADOR
PU:P_BUSCA_MOTIVO_RECHAZO,PU:P_BUSCA_MOTIVO_RECHAZO,INTERNAL_PU_CALL,P_BUSCA_MOTIVO_RECHAZO
PU:P_BUSCA_MOTIVO_RECHAZO,EXT:RECORD,EXTERNAL_CALL,RECORD
PU:P_BUSCA_MOTIVO_RECHAZO,EXT:VARCHAR2,EXTERNAL_CALL,VARCHAR2
PU:P_BUSCA_MOTIVO_RECHAZO,EXT:Varchar2,EXTERNAL_CALL,Varchar2
PU:P_BUSCA_MOTIVO_BLOQUEO_PERTIN,EXT:LENGTH,EXTERNAL_CALL,LENGTH
PU:P_BUSCA_MOTIVO_BLOQUEO_PERTIN,EXT:Number,EXTERNAL_CALL,Number
PU:P_BUSCA_MOTIVO_BLOQUEO_PERTIN,EXT:NUMBER,EXTERNAL_CALL,NUMBER
PU:P_BUSCA_MOTIVO_BLOQUEO_PERTIN,EXT:PKG_MOT_BLOQUEO.F_BUSCA_DSP_ACCION,EXTERNAL_CALL,PKG_MOT_BLOQUEO.F_BUSCA_DSP_ACCION
PU:P_BUSCA_MOTIVO_BLOQUEO_PERTIN,EXT:PKG_MOT_BLOQUEO.F_BUSCA_DSP_MOTIVO,EXTERNAL_CALL,PKG_MOT_BLOQUEO.F_BUSCA_DSP_MOTIVO
PU:P_BUSCA_MOTIVO_BLOQUEO_PERTIN,EXT:PKG_MOT_BLOQUEO.P_BUSCA_MOT_BLOQ_PERTINENCIA,EXTERNAL_CALL,PKG_MOT_BLOQUEO.P_BUSCA_MOT_BLOQ_PERTINENCIA
PU:P_BUSCA_MOTIVO_BLOQUEO_PERTIN,EXT:PKG_MOT_BLOQUEO.P_ENVIA_NOTIFICACION_BLOQUEO,EXTERNAL_CALL,PKG_MOT_BLOQUEO.P_ENVIA_NOTIFICACION_BLOQUEO
PU:P_BUSCA_MOTIVO_BLOQUEO_PERTIN,EXT:PKG_MOT_BLOQUEO.SET_VARIABLE,EXTERNAL_CALL,PKG_MOT_BLOQUEO.SET_VARIABLE
PU:P_BUSCA_MOTIVO_BLOQUEO_PERTIN,PU:P_BUSCA_MOTIVO_BLOQUEO_PERTIN,INTERNAL_PU_CALL,P_BUSCA_MOTIVO_BLOQUEO_PERTIN
PU:P_BUSCA_MOTIVO_BLOQUEO_PERTIN,EXT:RECORD,EXTERNAL_CALL,RECORD
PU:P_BUSCA_MOTIVO_BLOQUEO_PERTIN,EXT:Varchar2,EXTERNAL_CALL,Varchar2
PU:P_VALIDA_DIAGNOSTICO_BLOQUEADO,EXT:NUMBER,EXTERNAL_CALL,NUMBER
PU:P_VALIDA_DIAGNOSTICO_BLOQUEADO,EXT:PKG_MOT_BLOQUEO.P_ENVIA_NOTIFICACION_BLOQUEO,EXTERNAL_CALL,PKG_MOT_BLOQUEO.P_ENVIA_NOTIFICACION_BLOQUEO
PU:P_VALIDA_DIAGNOSTICO_BLOQUEADO,EXT:PKG_MOT_BLOQUEO.SET_VARIABLE,EXTERNAL_CALL,PKG_MOT_BLOQUEO.SET_VARIABLE
PU:P_VALIDA_DIAGNOSTICO_BLOQUEADO,PU:P_BUSCA_MOTIVO_BLOQUEO_PERTIN,INTERNAL_PU_CALL,P_BUSCA_MOTIVO_BLOQUEO_PERTIN
PU:P_VALIDA_DIAGNOSTICO_BLOQUEADO,EXT:VARCHAR2,EXTERNAL_CALL,VARCHAR2
PU:P_VALIDA_SERVICIO_BLOQUEADO,EXT:NUMBER,EXTERNAL_CALL,NUMBER
PU:P_VALIDA_SERVICIO_BLOQUEADO,EXT:PKG_MOT_BLOQUEO.P_ENVIA_NOTIFICACION_BLOQUEO,EXTERNAL_CALL,PKG_MOT_BLOQUEO.P_ENVIA_NOTIFICACION_BLOQUEO
PU:P_VALIDA_SERVICIO_BLOQUEADO,EXT:PKG_MOT_BLOQUEO.SET_VARIABLE,EXTERNAL_CALL,PKG_MOT_BLOQUEO.SET_VARIABLE
PU:P_VALIDA_SERVICIO_BLOQUEADO,PU:P_BUSCA_MOTIVO_BLOQUEO_PERTIN,INTERNAL_PU_CALL,P_BUSCA_MOTIVO_BLOQUEO_PERTIN
PU:P_VALIDA_SERVICIO_BLOQUEADO,EXT:VARCHAR2,EXTERNAL_CALL,VARCHAR2
PU:P_VALIDA_COB_TIPO_BLOQUEADO,EXT:DBAPER.PKG_GENERAL.F_OBTEN_PARAMETRO_SEUS,EXTERNAL_CALL,DBAPER.PKG_GENERAL.F_OBTEN_PARAMETRO_SEUS
PU:P_VALIDA_COB_TIPO_BLOQUEADO,EXT:IN,EXTERNAL_CALL,IN
PU:P_VALIDA_COB_TIPO_BLOQUEADO,EXT:INNOVACORE.PKG_INNOVA.FDP_DET_TIPO_COB,EXTERNAL_CALL,INNOVACORE.PKG_INNOVA.FDP_DET_TIPO_COB
PU:P_VALIDA_COB_TIPO_BLOQUEADO,EXT:NUMBER,EXTERNAL_CALL,NUMBER
PU:P_VALIDA_COB_TIPO_BLOQUEADO,EXT:PKG_MOT_BLOQUEO.P_ENVIA_NOTIFICACION_BLOQUEO,EXTERNAL_CALL,PKG_MOT_BLOQUEO.P_ENVIA_NOTIFICACION_BLOQUEO
PU:P_VALIDA_COB_TIPO_BLOQUEADO,EXT:PKG_MOT_BLOQUEO.SET_VARIABLE,EXTERNAL_CALL,PKG_MOT_BLOQUEO.SET_VARIABLE
PU:P_VALIDA_COB_TIPO_BLOQUEADO,PU:P_BUSCA_MOTIVO_BLOQUEO_PERTIN,INTERNAL_PU_CALL,P_BUSCA_MOTIVO_BLOQUEO_PERTIN
PU:P_VALIDA_COB_TIPO_BLOQUEADO,EXT:VARCHAR2,EXTERNAL_CALL,VARCHAR2
PU:P_VALIDA_NUM_CTA_ELIMINADA,EXT:F_OBTEN_PARAMETRO_SEUS,EXTERNAL_CALL,F_OBTEN_PARAMETRO_SEUS
PU:P_VALIDA_NUM_CTA_ELIMINADA,PU:MSG_ALERT,INTERNAL_PU_CALL,MSG_ALERT
PU:P_VALIDA_NUM_CTA_ELIMINADA,EXT:NUMBER,EXTERNAL_CALL,NUMBER
PU:P_VALIDA_NUM_CTA_ELIMINADA,PU:P_VALIDA_NUM_CTA_ELIMINADA,INTERNAL_PU_CALL,P_VALIDA_NUM_CTA_ELIMINADA
PU:P_VALIDA_NUM_CTA_ELIMINADA,EXT:VARCHAR2,EXTERNAL_CALL,VARCHAR2
PU:P_VALIDA_ASEGURADO_BAN_V2,EXT:DBAPER.PKG_GENERAL.P_INSERTA_ERROR,EXTERNAL_CALL,DBAPER.PKG_GENERAL.P_INSERTA_ERROR
PU:P_VALIDA_ASEGURADO_BAN_V2,EXT:Enfoco,EXTERNAL_CALL,Enfoco
PU:P_VALIDA_ASEGURADO_BAN_V2,EXT:PKG_MOT_BLOQUEO.P_ENVIA_NOTIFICACION_BLOQUEO,EXTERNAL_CALL,PKG_MOT_BLOQUEO.P_ENVIA_NOTIFICACION_BLOQUEO
PU:P_VALIDA_ASEGURADO_BAN_V2,EXT:PKG_MOT_BLOQUEO.SET_VARIABLE,EXTERNAL_CALL,PKG_MOT_BLOQUEO.SET_VARIABLE
PU:P_VALIDA_ASEGURADO_BAN_V2,PU:P_BUSCA_MOTIVO_BLOQUEO_ASE,INTERNAL_PU_CALL,P_BUSCA_MOTIVO_BLOQUEO_ASE
PU:P_VALIDA_ASEGURADO_BAN_V2,EXT:REEMBOLSO.HISTORICO_FRAUDES,EXTERNAL_CALL,REEMBOLSO.HISTORICO_FRAUDES
PU:P_VALIDA_ASEGURADO_BAN_V2,EXT:VALUES,EXTERNAL_CALL,VALUES
PU:P_VALIDA_ASEGURADO_BAN_V2,EXT:VARCHAR2,EXTERNAL_CALL,VARCHAR2
TRG_ITEM:CG$CTRL.NO_AFI.KEY-NEXT-ITEM,EXT:Enfoco,EXTERNAL_CALL,Enfoco
TRG_ITEM:CG$CTRL.NO_AFI.KEY-NEXT-ITEM,EXT:EXECUTE_TRIGGER,EXTERNAL_CALL,EXECUTE_TRIGGER
TRG_ITEM:CG$CTRL.NO_AFI.KEY-NEXT-ITEM,EXT:f_valida_regular_expression,EXTERNAL_CALL,f_valida_regular_expression
TRG_ITEM:CG$CTRL.NO_AFI.KEY-NEXT-ITEM,EXT:length,EXTERNAL_CALL,length
TRG_ITEM:CG$CTRL.NO_AFI.KEY-NEXT-ITEM,EXT:lpad,EXTERNAL_CALL,lpad
TRG_ITEM:CG$CTRL.NO_AFI.KEY-NEXT-ITEM,PU:P_IMPRIME_MENSAJE,INTERNAL_PU_CALL,p_imprime_mensaje
TRG_ITEM:CG$CTRL.NO_AFI.KEY-NEXT-ITEM,EXT:rpad,EXTERNAL_CALL,rpad
TRG_ITEM:CG$CTRL.NO_AFI.WHEN-VALIDATE-ITEM,EXT:Enfoco,EXTERNAL_CALL,Enfoco
TRG_ITEM:CG$CTRL.FALLECIDO.WHEN-CHECKBOX-CHANGED,EXT:Encofo,EXTERNAL_CALL,Encofo
TRG_ITEM:CG$CTRL.FALLECIDO.WHEN-CHECKBOX-CHANGED,EXT:F_OBTEN_PARAMETRO_SEUS,EXTERNAL_CALL,F_OBTEN_PARAMETRO_SEUS
TRG_ITEM:CG$CTRL.FALLECIDO.WHEN-CHECKBOX-CHANGED,EXT:in,EXTERNAL_CALL,in
TRG_ITEM:CG$CTRL.FALLECIDO.WHEN-CHECKBOX-CHANGED,PU:P_IMPRIME_MENSAJE,INTERNAL_PU_CALL,P_IMPRIME_MENSAJE
TRG_ITEM:CG$CTRL.FALLECIDO.WHEN-CHECKBOX-CHANGED,PU:P_ROLLBACK_FALLECIDO,INTERNAL_PU_CALL,P_ROLLBACK_FALLECIDO
TRG_ITEM:CG$CTRL.FALLECIDO.WHEN-CHECKBOX-CHANGED,EXT:VARCHAR2,EXTERNAL_CALL,VARCHAR2
TRG_ITEM:CG$CTRL.BTN_BUSCA_AFILIADO.WHEN-BUTTON-PRESSED,EXT:EXECUTE_TRIGGER,EXTERNAL_CALL,EXECUTE_TRIGGER
TRG_ITEM:CG$CTRL.PB_RAZON_FALLEC.WHEN-BUTTON-PRESSED,EXT:Encofo,EXTERNAL_CALL,Encofo
TRG_ITEM:CG$CTRL.PB_RAZON_FALLEC.WHEN-BUTTON-PRESSED,PU:P_BUSCA_RAZON_FALLEC,INTERNAL_PU_CALL,P_BUSCA_RAZON_FALLEC
TRG_ITEM:CG$CTRL.BTN_AGREGAR_DATOS_SERV.WHEN-BUTTON-PRESSED,EXT:FOREBRA,EXTERNAL_CALL,FOREBRA
TRG_ITEM:CG$CTRL.BTN_AGREGAR_DATOS_SERV.WHEN-BUTTON-PRESSED,PU:MSG_ALERT,INTERNAL_PU_CALL,MSG_ALERT
TRG_ITEM:CG$CTRL.BTN_AGREGAR_DATOS_SERV.WHEN-BUTTON-PRESSED,EXT:PKG_GENERAL.F_OBTEN_PARAMETRO_SEUS,EXTERNAL_CALL,PKG_GENERAL.F_OBTEN_PARAMETRO_SEUS
TRG_ITEM:CG$CTRL.BTN_AGREGAR_DATOS_SERV.WHEN-BUTTON-PRESSED,PU:P_IMPRIME_MENSAJE,INTERNAL_PU_CALL,P_IMPRIME_MENSAJE
TRG_ITEM:CG$CTRL.BTN_GENERAR_PAGO.WHEN-BUTTON-PRESSED,EXT:cur_cuenta_eliminada,EXTERNAL_CALL,cur_cuenta_eliminada
TRG_ITEM:CG$CTRL.BTN_GENERAR_PAGO.WHEN-BUTTON-PRESSED,EXT:F_OBTEN_PARAMETRO_SEUS,EXTERNAL_CALL,F_OBTEN_PARAMETRO_SEUS
TRG_ITEM:CG$CTRL.BTN_GENERAR_PAGO.WHEN-BUTTON-PRESSED,PU:P_IMPRIME_MENSAJE,INTERNAL_PU_CALL,p_imprime_mensaje
TRG_ITEM:CG$CTRL.BTN_GENERAR_PAGO.WHEN-BUTTON-PRESSED,PU:P_VALIDA_SOLICITUD_DUPLICADA,INTERNAL_PU_CALL,p_valida_solicitud_duplicada
TRG_ITEM:CG$CTRL.BTN_GENERAR_PAGO.WHEN-BUTTON-PRESSED,EXT:varchar2,EXTERNAL_CALL,varchar2
TRG_ITEM:CG$CTRL.BTN_DESCARGAR_REC.WHEN-BUTTON-PRESSED,EXT:CUR_EMPRESA,EXTERNAL_CALL,CUR_EMPRESA
TRG_ITEM:CG$CTRL.BTN_DESCARGAR_REC.WHEN-BUTTON-PRESSED,EXT:IN,EXTERNAL_CALL,IN
TRG_ITEM:CG$CTRL.BTN_DESCARGAR_REC.WHEN-BUTTON-PRESSED,EXT:PKG_REPORTE_SVC.ReclamosSolProcesadaPagos_INF,EXTERNAL_CALL,PKG_REPORTE_SVC.ReclamosSolProcesadaPagos_INF
TRG_ITEM:CG$CTRL.BTN_DESCARGAR_REC.WHEN-BUTTON-PRESSED,EXT:PKG_REPORTE_SVC.ReclamosSolProcesadaPagos_pri,EXTERNAL_CALL,PKG_REPORTE_SVC.ReclamosSolProcesadaPagos_pri
TRG_ITEM:CG$CTRL.BTN_DESCARGAR_REC.WHEN-BUTTON-PRESSED,PU:P_IMPRIME_MENSAJE,INTERNAL_PU_CALL,p_imprime_mensaje
TRG_ITEM:CG$CTRL.BTN_DESCARGAR_REC.WHEN-BUTTON-PRESSED,EXT:REEMBOLSO.RECLAMOS_TEMP_REP,EXTERNAL_CALL,REEMBOLSO.RECLAMOS_TEMP_REP
TRG_ITEM:CG$CTRL.BTN_DESCARGAR_REC.WHEN-BUTTON-PRESSED,EXT:VALUES,EXTERNAL_CALL,VALUES
TRG_ITEM:CG$CTRL.BTN_APROBAR_SOL_SER.WHEN-BUTTON-PRESSED,EXT:DBAPER.PKG_GENERAL.F_OBTEN_PARAMETRO_SEUS,EXTERNAL_CALL,DBAPER.PKG_GENERAL.F_OBTEN_PARAMETRO_SEUS
TRG_ITEM:CG$CTRL.BTN_APROBAR_SOL_SER.WHEN-BUTTON-PRESSED,EXT:FOREBRA,EXTERNAL_CALL,FOREBRA
TRG_ITEM:CG$CTRL.BTN_APROBAR_SOL_SER.WHEN-BUTTON-PRESSED,EXT:F_OBTEN_PARAMETRO_SEUS,EXTERNAL_CALL,F_OBTEN_PARAMETRO_SEUS
TRG_ITEM:CG$CTRL.BTN_APROBAR_SOL_SER.WHEN-BUTTON-PRESSED,PU:MSG_ALERT,INTERNAL_PU_CALL,MSG_ALERT
TRG_ITEM:CG$CTRL.BTN_APROBAR_SOL_SER.WHEN-BUTTON-PRESSED,EXT:NUMBER,EXTERNAL_CALL,NUMBER
TRG_ITEM:CG$CTRL.BTN_APROBAR_SOL_SER.WHEN-BUTTON-PRESSED,PU:P_IMPRIME_MENSAJE,INTERNAL_PU_CALL,p_imprime_mensaje
TRG_ITEM:CG$CTRL.BTN_APROBAR_SOL_SER.WHEN-BUTTON-PRESSED,PU:P_INSERTA_EN_RECLAMO,INTERNAL_PU_CALL,P_INSERTA_EN_RECLAMO
TRG_ITEM:CG$CTRL.BTN_DUPLICAR_SOL_SER.WHEN-BUTTON-PRESSED,EXT:Enfoco,EXTERNAL_CALL,Enfoco
TRG_ITEM:CG$CTRL.BTN_DUPLICAR_SOL_SER.WHEN-BUTTON-PRESSED,EXT:F_OBTEN_PARAMETRO_SEUS,EXTERNAL_CALL,F_OBTEN_PARAMETRO_SEUS
TRG_ITEM:CG$CTRL.BTN_DUPLICAR_SOL_SER.WHEN-BUTTON-PRESSED,EXT:GO_RECORD,EXTERNAL_CALL,GO_RECORD
TRG_ITEM:CG$CTRL.BTN_DUPLICAR_SOL_SER.WHEN-BUTTON-PRESSED,PU:MSG_ALERT,INTERNAL_PU_CALL,MSG_ALERT
TRG_ITEM:CG$CTRL.BTN_DUPLICAR_SOL_SER.WHEN-BUTTON-PRESSED,EXT:NUMBER,EXTERNAL_CALL,NUMBER
TRG_ITEM:CG$CTRL.BTN_DUPLICAR_SOL_SER.WHEN-BUTTON-PRESSED,EXT:PKG_GENERAL.F_OBTEN_PARAMETRO_SEUS,EXTERNAL_CALL,PKG_GENERAL.F_OBTEN_PARAMETRO_SEUS
TRG_ITEM:CG$CTRL.BTN_DUPLICAR_SOL_SER.WHEN-BUTTON-PRESSED,EXT:P_DUPLICAR_SOLICITUDES,EXTERNAL_CALL,P_DUPLICAR_SOLICITUDES
TRG_ITEM:CG$CTRL.BTN_DUPLICAR_SOL_SER.WHEN-BUTTON-PRESSED,PU:P_IMPRIME_MENSAJE,INTERNAL_PU_CALL,p_imprime_mensaje
TRG_ITEM:CG$CTRL.BTN_RECHAZAR_SOL_SER.WHEN-BUTTON-PRESSED,EXT:C_EXISTE_SOL_PAG,EXTERNAL_CALL,C_EXISTE_SOL_PAG
TRG_ITEM:CG$CTRL.BTN_RECHAZAR_SOL_SER.WHEN-BUTTON-PRESSED,EXT:FOREBRA,EXTERNAL_CALL,FOREBRA
TRG_ITEM:CG$CTRL.BTN_RECHAZAR_SOL_SER.WHEN-BUTTON-PRESSED,EXT:F_OBTEN_PARAMETRO_SEUS,EXTERNAL_CALL,F_OBTEN_PARAMETRO_SEUS
TRG_ITEM:CG$CTRL.BTN_RECHAZAR_SOL_SER.WHEN-BUTTON-PRESSED,EXT:GO_RECORD,EXTERNAL_CALL,GO_RECORD
TRG_ITEM:CG$CTRL.BTN_RECHAZAR_SOL_SER.WHEN-BUTTON-PRESSED,PU:MSG_ALERT,INTERNAL_PU_CALL,MSG_ALERT
TRG_ITEM:CG$CTRL.BTN_RECHAZAR_SOL_SER.WHEN-BUTTON-PRESSED,EXT:NUMBER,EXTERNAL_CALL,NUMBER
TRG_ITEM:CG$CTRL.BTN_RECHAZAR_SOL_SER.WHEN-BUTTON-PRESSED,EXT:PKG_GENERAL.F_OBTEN_PARAMETRO_SEUS,EXTERNAL_CALL,PKG_GENERAL.F_OBTEN_PARAMETRO_SEUS
TRG_ITEM:CG$CTRL.BTN_RECHAZAR_SOL_SER.WHEN-BUTTON-PRESSED,PU:P_IMPRIME_MENSAJE,INTERNAL_PU_CALL,p_imprime_mensaje
TRG_ITEM:CG$CTRL.BTN_RECHAZAR_SOL_SER.WHEN-BUTTON-PRESSED,PU:P_INSERTA_EN_RECL_RECHAZO,INTERNAL_PU_CALL,P_INSERTA_EN_RECL_RECHAZO
TRG_ITEM:CG$CTRL.BTN_RECHAZAR_SOL_SER.WHEN-BUTTON-PRESSED,EXT:REEMBOLSO.P_RECHAZAR_SOL_SER,EXTERNAL_CALL,REEMBOLSO.P_RECHAZAR_SOL_SER
TRG_ITEM:CG$CTRL.BTN_ANULAR_SOL_SER.WHEN-BUTTON-PRESSED,EXT:C_EXISTE_SOL_PAG,EXTERNAL_CALL,C_EXISTE_SOL_PAG
TRG_ITEM:CG$CTRL.BTN_ANULAR_SOL_SER.WHEN-BUTTON-PRESSED,EXT:FOREBRA,EXTERNAL_CALL,FOREBRA
TRG_ITEM:CG$CTRL.BTN_ANULAR_SOL_SER.WHEN-BUTTON-PRESSED,EXT:F_OBTEN_PARAMETRO_SEUS,EXTERNAL_CALL,F_OBTEN_PARAMETRO_SEUS
TRG_ITEM:CG$CTRL.BTN_ANULAR_SOL_SER.WHEN-BUTTON-PRESSED,EXT:GO_RECORD,EXTERNAL_CALL,GO_RECORD
TRG_ITEM:CG$CTRL.BTN_ANULAR_SOL_SER.WHEN-BUTTON-PRESSED,PU:MSG_ALERT,INTERNAL_PU_CALL,MSG_ALERT
TRG_ITEM:CG$CTRL.BTN_ANULAR_SOL_SER.WHEN-BUTTON-PRESSED,EXT:NUMBER,EXTERNAL_CALL,NUMBER
TRG_ITEM:CG$CTRL.BTN_ANULAR_SOL_SER.WHEN-BUTTON-PRESSED,EXT:PKG_GENERAL.F_OBTEN_PARAMETRO_SEUS,EXTERNAL_CALL,PKG_GENERAL.F_OBTEN_PARAMETRO_SEUS
TRG_ITEM:CG$CTRL.BTN_ANULAR_SOL_SER.WHEN-BUTTON-PRESSED,PU:P_IMPRIME_MENSAJE,INTERNAL_PU_CALL,p_imprime_mensaje
TRG_ITEM:CG$CTRL.BTN_MOTIVOS_RECH_SOL_SER.WHEN-BUTTON-PRESSED,EXT:GO_RECORD,EXTERNAL_CALL,GO_RECORD
TRG_ITEM:CG$CTRL.BTN_MOTIVOS_RECH_SOL_SER.WHEN-BUTTON-PRESSED,PU:MSG_ALERT,INTERNAL_PU_CALL,MSG_ALERT
TRG_ITEM:CG$CTRL.BTN_MOTIVOS_RECH_SOL_SER.WHEN-BUTTON-PRESSED,EXT:PKG_GENERAL.F_OBTEN_PARAMETRO_SEUS,EXTERNAL_CALL,PKG_GENERAL.F_OBTEN_PARAMETRO_SEUS
TRG_ITEM:CG$CTRL.BTN_MOTIVOS_RECH_SOL_SER.WHEN-BUTTON-PRESSED,PU:P_IMPRIME_MENSAJE,INTERNAL_PU_CALL,p_imprime_mensaje
TRG_ITEM:CG$CTRL.BTN_DESCARGAR_VOUCHER.WHEN-BUTTON-PRESSED,EXT:PKG_REPORTE_SVC.GENERAR,EXTERNAL_CALL,PKG_REPORTE_SVC.GENERAR
TRG_ITEM:CG$CTRL.BTN_AGREGAR_SOL_SER.WHEN-BUTTON-PRESSED,PU:P_HABILITA_BLOQ_SERV,INTERNAL_PU_CALL,P_HABILITA_BLOQ_SERV
TRG_ITEM:CG$CTRL.BTN_AFILIADO.KEY-NEXT-ITEM,PU:P_IMPRIME_MENSAJE,INTERNAL_PU_CALL,p_imprime_mensaje
TRG_ITEM:CG$CTRL.MOT_CAM_MED_PAG.WHEN-BUTTON-PRESSED,EXT:F_OBTEN_PARAMETRO_SEUS,EXTERNAL_CALL,F_OBTEN_PARAMETRO_SEUS
TRG_ITEM:CG$CTRL.MOT_CAM_MED_PAG.WHEN-BUTTON-PRESSED,PU:P_IMPRIME_MENSAJE,INTERNAL_PU_CALL,p_imprime_mensaje
TRG_ITEM:FALLEC.PB_ACEPTAR_RF.WHEN-BUTTON-PRESSED,EXT:DBAPER.P_INSERT_FALLECIDO,EXTERNAL_CALL,DBAPER.P_INSERT_FALLECIDO
TRG_ITEM:FALLEC.PB_ACEPTAR_RF.WHEN-BUTTON-PRESSED,EXT:F_OBTEN_PARAMETRO_SEUS,EXTERNAL_CALL,F_OBTEN_PARAMETRO_SEUS
TRG_ITEM:FALLEC.PB_ACEPTAR_RF.WHEN-BUTTON-PRESSED,EXT:HIDE_WINDOW,EXTERNAL_CALL,HIDE_WINDOW
TRG_ITEM:FALLEC.PB_ACEPTAR_RF.WHEN-BUTTON-PRESSED,EXT:NUMBER,EXTERNAL_CALL,NUMBER
TRG_ITEM:FALLEC.PB_ACEPTAR_RF.WHEN-BUTTON-PRESSED,PU:P_IMPRIME_MENSAJE,INTERNAL_PU_CALL,p_imprime_mensaje
TRG_ITEM:FALLEC.PB_ACEPTAR_RF.WHEN-BUTTON-PRESSED,PU:P_IMPRIME_MENSAJE,INTERNAL_PU_CALL,P_IMPRIME_MENSAJE
TRG_ITEM:FALLEC.PB_ACEPTAR_RF.WHEN-BUTTON-PRESSED,PU:P_ROLLBACK_FALLECIDO,INTERNAL_PU_CALL,P_ROLLBACK_FALLECIDO
TRG_ITEM:FALLEC.PB_ACEPTAR_RF.WHEN-BUTTON-PRESSED,EXT:VARCHAR2,EXTERNAL_CALL,VARCHAR2
TRG_ITEM:FALLEC.PB_CANCEL_RF.WHEN-BUTTON-PRESSED,EXT:HIDE_WINDOW,EXTERNAL_CALL,HIDE_WINDOW
TRG_ITEM:FALLEC.PB_CANCEL_RF.WHEN-BUTTON-PRESSED,PU:P_ROLLBACK_FALLECIDO,INTERNAL_PU_CALL,P_ROLLBACK_FALLECIDO
TRG_BLOCK:TOOLBAR.WHEN-MOUSE-LEAVE,PU:DEL_TIMER,INTERNAL_PU_CALL,del_timer
TRG_BLOCK:TOOLBAR.WHEN-MOUSE-ENTER,PU:BUTTON_HELP,INTERNAL_PU_CALL,Button_help
TRG_BLOCK:BUSCA_SERVICIO.WHEN-NEW-BLOCK-INSTANCE,EXT:FOREBRA,EXTERNAL_CALL,FOREBRA
TRG_BLOCK:BUSCA_SERVICIO.WHEN-NEW-BLOCK-INSTANCE,PU:MSG_ALERT,INTERNAL_PU_CALL,MSG_ALERT
TRG_BLOCK:BUSCA_SERVICIO.WHEN-NEW-BLOCK-INSTANCE,EXT:PKG_GENERAL.F_OBTEN_PARAMETRO_SEUS,EXTERNAL_CALL,PKG_GENERAL.F_OBTEN_PARAMETRO_SEUS
TRG_BLOCK:BUSCA_SERVICIO.WHEN-NEW-BLOCK-INSTANCE,PU:P_HABILITA_BLOCK_EXGRATIA,INTERNAL_PU_CALL,P_HABILITA_BLOCK_EXGRATIA
TRG_BLOCK:BUSCA_SERVICIO.WHEN-NEW-BLOCK-INSTANCE,PU:P_IMPRIME_MENSAJE,INTERNAL_PU_CALL,P_IMPRIME_MENSAJE
TRG_ITEM:BUSCA_SERVICIO.TIPO_PRESTADOR_ADD.WHEN-LIST-CHANGED,EXT:PKG_GENERAL.F_OBTEN_PARAMETRO_SEUS,EXTERNAL_CALL,PKG_GENERAL.F_OBTEN_PARAMETRO_SEUS
TRG_ITEM:BUSCA_SERVICIO.PRESTADOR_ADD.WHEN-VALIDATE-ITEM,EXT:in,EXTERNAL_CALL,in
TRG_ITEM:BUSCA_SERVICIO.PRESTADOR_ADD.WHEN-VALIDATE-ITEM,PU:MSG_ALERT,INTERNAL_PU_CALL,MSG_ALERT
TRG_ITEM:BUSCA_SERVICIO.PRESTADOR_ADD.WHEN-VALIDATE-ITEM,EXT:PKG_GENERAL.F_OBTEN_PARAMETRO_SEUS,EXTERNAL_CALL,PKG_GENERAL.F_OBTEN_PARAMETRO_SEUS
TRG_ITEM:BUSCA_SERVICIO.GRUPO_COBERTURA.KEY-NEXT-ITEM,PU:P_IMPRIME_MENSAJE,INTERNAL_PU_CALL,P_IMPRIME_MENSAJE
TRG_ITEM:BUSCA_SERVICIO.BTN_AGREGAR_ADD.WHEN-BUTTON-PRESSED,PU:MSG_ALERT,INTERNAL_PU_CALL,MSG_ALERT
TRG_ITEM:BUSCA_SERVICIO.BTN_AGREGAR_ADD.WHEN-BUTTON-PRESSED,PU:P_VALIDA_SOLICITUD_DUPLICADA,INTERNAL_PU_CALL,p_valida_solicitud_duplicada
TRG_ITEM:CREA_MEDICO.BTN_AGREGAR.WHEN-BUTTON-PRESSED,PU:MSG_ALERT,INTERNAL_PU_CALL,MSG_ALERT
TRG_ITEM:CREA_MEDICO.BTN_AGREGAR.WHEN-BUTTON-PRESSED,EXT:PERSONA,EXTERNAL_CALL,PERSONA
TRG_ITEM:CREA_MEDICO.BTN_AGREGAR.WHEN-BUTTON-PRESSED,EXT:PKG_GENERAL.F_OBTEN_PARAMETRO_SEUS,EXTERNAL_CALL,PKG_GENERAL.F_OBTEN_PARAMETRO_SEUS
TRG_ITEM:CREA_MEDICO.BTN_AGREGAR.WHEN-BUTTON-PRESSED,EXT:REEMBOLSO.PROVEEDOR,EXTERNAL_CALL,REEMBOLSO.PROVEEDOR
TRG_ITEM:CREA_MEDICO.BTN_AGREGAR.WHEN-BUTTON-PRESSED,EXT:REEMBOLSO.PROVEEDOR_ESPECIALIDAD,EXTERNAL_CALL,REEMBOLSO.PROVEEDOR_ESPECIALIDAD
TRG_ITEM:CREA_MEDICO.BTN_AGREGAR.WHEN-BUTTON-PRESSED,EXT:VALUES,EXTERNAL_CALL,VALUES
TRG_ITEM:MOT_CAM_MED_PAG.CONTINUAR.WHEN-BUTTON-PRESSED,EXT:F_OBTEN_PARAMETRO_SEUS,EXTERNAL_CALL,F_OBTEN_PARAMETRO_SEUS
TRG_ITEM:MOT_CAM_MED_PAG.CONTINUAR.WHEN-BUTTON-PRESSED,PU:P_IMPRIME_MENSAJE,INTERNAL_PU_CALL,p_imprime_mensaje
TRG_ITEM:MOT_CAM_MED_PAG.CONTINUAR.WHEN-BUTTON-PRESSED,EXT:varchar2,EXTERNAL_CALL,varchar2
TRG_BLOCK:DEPENDIENTE.POST-QUERY,EXT:LENGTH,EXTERNAL_CALL,LENGTH
TRG_BLOCK:DEPENDIENTE.POST-QUERY,EXT:NUMBER,EXTERNAL_CALL,NUMBER
TRG_BLOCK:DEPENDIENTE.POST-QUERY,PU:P_BUSCA_RAZON_FALLEC,INTERNAL_PU_CALL,P_BUSCA_RAZON_FALLEC
TRG_ITEM:DEPENDIENTE.FALLECIDO.WHEN-CHECKBOX-CHANGED,EXT:Encofo,EXTERNAL_CALL,Encofo
TRG_ITEM:DEPENDIENTE.FALLECIDO.WHEN-CHECKBOX-CHANGED,EXT:F_OBTEN_PARAMETRO_SEUS,EXTERNAL_CALL,F_OBTEN_PARAMETRO_SEUS
TRG_ITEM:DEPENDIENTE.FALLECIDO.WHEN-CHECKBOX-CHANGED,EXT:in,EXTERNAL_CALL,in
TRG_ITEM:DEPENDIENTE.FALLECIDO.WHEN-CHECKBOX-CHANGED,EXT:LENGTH,EXTERNAL_CALL,LENGTH
TRG_ITEM:DEPENDIENTE.FALLECIDO.WHEN-CHECKBOX-CHANGED,EXT:NUMBER,EXTERNAL_CALL,NUMBER
TRG_ITEM:DEPENDIENTE.FALLECIDO.WHEN-CHECKBOX-CHANGED,PU:P_IMPRIME_MENSAJE,INTERNAL_PU_CALL,P_IMPRIME_MENSAJE
TRG_ITEM:DEPENDIENTE.FALLECIDO.WHEN-CHECKBOX-CHANGED,PU:P_ROLLBACK_FALLECIDO,INTERNAL_PU_CALL,P_ROLLBACK_FALLECIDO
TRG_ITEM:DEPENDIENTE.FALLECIDO.WHEN-CHECKBOX-CHANGED,EXT:VARCHAR2,EXTERNAL_CALL,VARCHAR2
TRG_ITEM:DEPENDIENTE.PB_RAZON_FALLEC.WHEN-BUTTON-PRESSED,EXT:LENGTH,EXTERNAL_CALL,LENGTH
TRG_ITEM:DEPENDIENTE.PB_RAZON_FALLEC.WHEN-BUTTON-PRESSED,EXT:NUMBER,EXTERNAL_CALL,NUMBER
TRG_BLOCK:AFILIADO_CONTACTO_PREFERENCIA.POST-UPDATE,EXT:NUMBER,EXTERNAL_CALL,NUMBER
TRG_BLOCK:AFILIADO_CONTACTO_PREFERENCIA.POST-UPDATE,EXT:PKG_BUSCA_INFO_ASE.P_INSERT_AFI_CON_PRE,EXTERNAL_CALL,PKG_BUSCA_INFO_ASE.P_INSERT_AFI_CON_PRE
TRG_BLOCK:AFILIADO_CONTACTO_PREFERENCIA.ON-INSERT,EXT:NUMBER,EXTERNAL_CALL,NUMBER
TRG_BLOCK:AFILIADO_CONTACTO_PREFERENCIA.ON-INSERT,EXT:PKG_BUSCA_INFO_ASE.P_INSERT_AFI_CON_PRE,EXTERNAL_CALL,PKG_BUSCA_INFO_ASE.P_INSERT_AFI_CON_PRE
TRG_BLOCK:AFILIADO_CONTACTO_PREFERENCIA.PRE-UPDATE,PU:MSG_ALERT,INTERNAL_PU_CALL,MSG_ALERT
TRG_ITEM:CREA_PSS.TIPO_PRESTADOR.WHEN-LIST-CHANGED,EXT:PKG_GENERAL.F_OBTEN_PARAMETRO_SEUS,EXTERNAL_CALL,PKG_GENERAL.F_OBTEN_PARAMETRO_SEUS
TRG_ITEM:CREA_PSS.BTN_AGREGAR.WHEN-BUTTON-PRESSED,EXT:EXECUTE_TRIGGER,EXTERNAL_CALL,EXECUTE_TRIGGER
TRG_ITEM:CREA_PSS.BTN_AGREGAR.WHEN-BUTTON-PRESSED,EXT:INSTITUCION,EXTERNAL_CALL,INSTITUCION
TRG_ITEM:CREA_PSS.BTN_AGREGAR.WHEN-BUTTON-PRESSED,EXT:LENGTH,EXTERNAL_CALL,LENGTH
TRG_ITEM:CREA_PSS.BTN_AGREGAR.WHEN-BUTTON-PRESSED,PU:MSG_ALERT,INTERNAL_PU_CALL,MSG_ALERT
TRG_ITEM:CREA_PSS.BTN_AGREGAR.WHEN-BUTTON-PRESSED,EXT:PERSONA,EXTERNAL_CALL,PERSONA
TRG_ITEM:CREA_PSS.BTN_AGREGAR.WHEN-BUTTON-PRESSED,EXT:PKG_GENERAL.F_OBTEN_PARAMETRO_SEUS,EXTERNAL_CALL,PKG_GENERAL.F_OBTEN_PARAMETRO_SEUS
TRG_ITEM:CREA_PSS.BTN_AGREGAR.WHEN-BUTTON-PRESSED,EXT:REEMBOLSO.PROVEEDOR,EXTERNAL_CALL,REEMBOLSO.PROVEEDOR
TRG_ITEM:CREA_PSS.BTN_AGREGAR.WHEN-BUTTON-PRESSED,EXT:REEMBOLSO.PROVEEDOR_ESPECIALIDAD,EXTERNAL_CALL,REEMBOLSO.PROVEEDOR_ESPECIALIDAD
TRG_ITEM:CREA_PSS.BTN_AGREGAR.WHEN-BUTTON-PRESSED,EXT:VALUES,EXTERNAL_CALL,VALUES
TRG_BLOCK:TELEFONO.KEY-COMMIT,EXT:go_record,EXTERNAL_CALL,go_record
TRG_BLOCK:TELEFONO.KEY-COMMIT,PU:MSG_ALERT,INTERNAL_PU_CALL,MSG_ALERT
TRG_BLOCK:TELEFONO.KEY-COMMIT,EXT:NUMBER,EXTERNAL_CALL,NUMBER
TRG_BLOCK:TELEFONO.KEY-COMMIT,EXT:PKG_BUSCA_INFO_ASE.P_BUSCA_TELEFONOS,EXTERNAL_CALL,PKG_BUSCA_INFO_ASE.P_BUSCA_TELEFONOS
TRG_BLOCK:TELEFONO.KEY-COMMIT,EXT:PKG_BUSCA_INFO_ASE.P_VALIDA_TELEFONO,EXTERNAL_CALL,PKG_BUSCA_INFO_ASE.P_VALIDA_TELEFONO
TRG_BLOCK:TELEFONO.KEY-COMMIT,EXT:PKG_INNOVA.P_UPDATE_PHONE_NUMBER,EXTERNAL_CALL,PKG_INNOVA.P_UPDATE_PHONE_NUMBER
TRG_BLOCK:TELEFONO.KEY-COMMIT,EXT:reembolso.PKG_BUSCA_INFO_ASE.P_INSERT_AFI_CON_PRE,EXTERNAL_CALL,reembolso.PKG_BUSCA_INFO_ASE.P_INSERT_AFI_CON_PRE
TRG_BLOCK:TELEFONO.KEY-COMMIT,EXT:VARCHAR2,EXTERNAL_CALL,VARCHAR2
TRG_BLOCK:TELEFONO.KEY-DELREC,PU:MSG_ALERT,INTERNAL_PU_CALL,MSG_ALERT
TRG_BLOCK:CORREO.KEY-COMMIT,EXT:go_record,EXTERNAL_CALL,go_record
TRG_BLOCK:CORREO.KEY-COMMIT,PU:MSG_ALERT,INTERNAL_PU_CALL,MSG_ALERT
TRG_BLOCK:CORREO.KEY-COMMIT,EXT:NUMBER,EXTERNAL_CALL,NUMBER
TRG_BLOCK:CORREO.KEY-COMMIT,EXT:PKG_BUSCA_INFO_ASE.P_BUSCA_CORREOS,EXTERNAL_CALL,PKG_BUSCA_INFO_ASE.P_BUSCA_CORREOS
TRG_BLOCK:CORREO.KEY-COMMIT,EXT:PKG_BUSCA_INFO_ASE.P_VALIDA_CORREOS,EXTERNAL_CALL,PKG_BUSCA_INFO_ASE.P_VALIDA_CORREOS
TRG_BLOCK:CORREO.KEY-COMMIT,EXT:PKG_INNOVA.P_UPDATE_EMAIL,EXTERNAL_CALL,PKG_INNOVA.P_UPDATE_EMAIL
TRG_BLOCK:CORREO.KEY-COMMIT,EXT:reembolso.PKG_BUSCA_INFO_ASE.P_INSERT_AFI_CON_PRE,EXTERNAL_CALL,reembolso.PKG_BUSCA_INFO_ASE.P_INSERT_AFI_CON_PRE
TRG_BLOCK:CORREO.KEY-COMMIT,EXT:VARCHAR2,EXTERNAL_CALL,VARCHAR2
TRG_BLOCK:CORREO.PRE-UPDATE,PU:MSG_ALERT,INTERNAL_PU_CALL,MSG_ALERT
TRG_BLOCK:CORREO.KEY-DELREC,PU:MSG_ALERT,INTERNAL_PU_CALL,MSG_ALERT
TRG_BLOCK:RADICACION.PRE-INSERT,EXT:PKG_GENERAL.F_OBTEN_PARAMETRO_SEUS,EXTERNAL_CALL,PKG_GENERAL.F_OBTEN_PARAMETRO_SEUS
TRG_BLOCK:RADICACION.PRE-INSERT,PU:P_INSERTAR_CORREO,INTERNAL_PU_CALL,P_INSERTAR_CORREO
TRG_BLOCK:RADICACION.POST-QUERY,EXT:FOREBRA,EXTERNAL_CALL,FOREBRA
TRG_BLOCK:RADICACION.POST-QUERY,EXT:IN,EXTERNAL_CALL,IN
TRG_BLOCK:RADICACION.POST-QUERY,EXT:PKG_GENERAL.F_OBTEN_PARAMETRO_SEUS,EXTERNAL_CALL,PKG_GENERAL.F_OBTEN_PARAMETRO_SEUS
TRG_BLOCK:RADICACION.POST-QUERY,PU:P_BUSCA_CORREO_AFILIADO,INTERNAL_PU_CALL,P_BUSCA_CORREO_AFILIADO
TRG_BLOCK:RADICACION.POST-QUERY,PU:P_BUSCA_DATOS_CUENTA_BANCARIA,INTERNAL_PU_CALL,P_BUSCA_DATOS_CUENTA_BANCARIA
TRG_BLOCK:RADICACION.POST-QUERY,PU:P_HABILITA_BLOCK_EXGRATIA,INTERNAL_PU_CALL,P_HABILITA_BLOCK_EXGRATIA
TRG_BLOCK:RADICACION.POST-QUERY,EXT:VARCHAR2,EXTERNAL_CALL,VARCHAR2
TRG_BLOCK:RADICACION.PRE-UPDATE,PU:P_INSERTAR_CORREO,INTERNAL_PU_CALL,P_INSERTAR_CORREO
TRG_BLOCK:RADICACION.ON-POPULATE-DETAILS,EXT:VARCHAR2,EXTERNAL_CALL,VARCHAR2
TRG_BLOCK:RADICACION.ON-CHECK-DELETE-MASTER,EXT:CHAR,EXTERNAL_CALL,CHAR
TRG_BLOCK:RADICACION.WHEN-CREATE-RECORD,EXT:FOREBRA,EXTERNAL_CALL,FOREBRA
TRG_BLOCK:RADICACION.WHEN-CREATE-RECORD,PU:P_BUSCA_CORREO_AFILIADO,INTERNAL_PU_CALL,P_BUSCA_CORREO_AFILIADO
TRG_BLOCK:RADICACION.WHEN-CREATE-RECORD,PU:P_IMPRIME_MENSAJE,INTERNAL_PU_CALL,p_imprime_mensaje
TRG_BLOCK:RADICACION.WHEN-NEW-RECORD-INSTANCE,EXT:IN,EXTERNAL_CALL,IN
TRG_BLOCK:RADICACION.ON-ERROR,PU:CGTE$POP_ERROR_STACK,INTERNAL_PU_CALL,CGTE$POP_ERROR_STACK
TRG_BLOCK:RADICACION.ON-ERROR,PU:CGTE$STRIP_CONSTRAINT,INTERNAL_PU_CALL,CGTE$STRIP_CONSTRAINT
TRG_BLOCK:RADICACION.ON-ERROR,EXT:IN,EXTERNAL_CALL,IN
TRG_BLOCK:RADICACION.ON-ERROR,PU:MANEJO_MENSAJES_ERRORES,INTERNAL_PU_CALL,MANEJO_MENSAJES_ERRORES
TRG_BLOCK:RADICACION.ON-ERROR,EXT:VARCHAR2,EXTERNAL_CALL,VARCHAR2
TRG_BLOCK:RADICACION.WHEN-VALIDATE-RECORD,EXT:Enfoco,EXTERNAL_CALL,Enfoco
TRG_BLOCK:RADICACION.WHEN-VALIDATE-RECORD,EXT:F_OBTEN_PARAMETRO_SEUS,EXTERNAL_CALL,F_OBTEN_PARAMETRO_SEUS
TRG_BLOCK:RADICACION.WHEN-VALIDATE-RECORD,EXT:IN,EXTERNAL_CALL,IN
TRG_BLOCK:RADICACION.WHEN-VALIDATE-RECORD,PU:P_IMPRIME_MENSAJE,INTERNAL_PU_CALL,p_imprime_mensaje
TRG_BLOCK:RADICACION.WHEN-VALIDATE-RECORD,PU:P_VALIDA_NUM_CTA_ELIMINADA,INTERNAL_PU_CALL,P_VALIDA_NUM_CTA_ELIMINADA
TRG_BLOCK:RADICACION.WHEN-VALIDATE-RECORD,EXT:VARCHAR2,EXTERNAL_CALL,VARCHAR2
TRG_ITEM:RADICACION.FECHA_RECEPCION.WHEN-VALIDATE-ITEM,PU:MSG_ALERT,INTERNAL_PU_CALL,MSG_ALERT
TRG_ITEM:RADICACION.FECHA_RECEPCION.KEY-LISTVAL,EXT:FIND_WINDOW,EXTERNAL_CALL,FIND_WINDOW
TRG_ITEM:RADICACION.FECHA_RECEPCION.KEY-NEXT-ITEM,EXT:PKG_GENERAL.F_OBTEN_PARAMETRO_SEUS,EXTERNAL_CALL,PKG_GENERAL.F_OBTEN_PARAMETRO_SEUS
TRG_ITEM:RADICACION.FECHA_RECEPCION.KEY-NEXT-ITEM,PU:P_IMPRIME_MENSAJE,INTERNAL_PU_CALL,p_imprime_mensaje
TRG_ITEM:RADICACION.COMPLETIVO_DOC.WHEN-CHECKBOX-CHANGED,EXT:Enfoco,EXTERNAL_CALL,Enfoco
TRG_ITEM:RADICACION.COMPLETIVO_DOC.WHEN-CHECKBOX-CHANGED,EXT:F_OBTEN_PARAMETRO_SEUS,EXTERNAL_CALL,F_OBTEN_PARAMETRO_SEUS
TRG_ITEM:RADICACION.COMPLETIVO_DOC.WHEN-CHECKBOX-CHANGED,EXT:VARCHAR2,EXTERNAL_CALL,VARCHAR2
TRG_ITEM:RADICACION.NO_SOLICITUD_ORIGINAL.WHEN-VALIDATE-ITEM,EXT:cur_valida,EXTERNAL_CALL,cur_valida
TRG_ITEM:RADICACION.NO_SOLICITUD_ORIGINAL.WHEN-VALIDATE-ITEM,EXT:Enfoco,EXTERNAL_CALL,Enfoco
TRG_ITEM:RADICACION.NO_SOLICITUD_ORIGINAL.WHEN-VALIDATE-ITEM,EXT:F_OBTEN_PARAMETRO_SEUS,EXTERNAL_CALL,F_OBTEN_PARAMETRO_SEUS
TRG_ITEM:RADICACION.NO_SOLICITUD_ORIGINAL.WHEN-VALIDATE-ITEM,PU:P_IMPRIME_MENSAJE,INTERNAL_PU_CALL,p_imprime_mensaje
TRG_ITEM:RADICACION.NO_SOLICITUD_ORIGINAL.WHEN-VALIDATE-ITEM,EXT:VARCHAR2,EXTERNAL_CALL,VARCHAR2
TRG_ITEM:RADICACION.NO_SOLICITUD_ORIGINAL.WHEN-NEW-ITEM-INSTANCE,EXT:Enfoco,EXTERNAL_CALL,Enfoco
TRG_ITEM:RADICACION.CORREO_NOTIFICA.WHEN-VALIDATE-ITEM,PU:P_IMPRIME_MENSAJE,INTERNAL_PU_CALL,p_imprime_mensaje
TRG_ITEM:RADICACION.CORREO_NOTIFICA.KEY-NEXT-ITEM,PU:P_IMPRIME_MENSAJE,INTERNAL_PU_CALL,p_imprime_mensaje
TRG_ITEM:RADICACION.MEDIO_PAGO.WHEN-LIST-CHANGED,EXT:IN,EXTERNAL_CALL,IN
TRG_ITEM:RADICACION.MEDIO_PAGO.KEY-NEXT-ITEM,PU:P_IMPRIME_MENSAJE,INTERNAL_PU_CALL,p_imprime_mensaje
TRG_ITEM:RADICACION.SUCURSAL_CHEQUE.WHEN-VALIDATE-ITEM,EXT:FOREBRA,EXTERNAL_CALL,FOREBRA
TRG_ITEM:RADICACION.BTN_LOV_SUCURSAL_CHEQUE.KEY-NEXT-ITEM,PU:P_IMPRIME_MENSAJE,INTERNAL_PU_CALL,p_imprime_mensaje
TRG_ITEM:RADICACION.DESC_SUCURSAL_CHEQUE.WHEN-VALIDATE-ITEM,PU:P_IMPRIME_MENSAJE,INTERNAL_PU_CALL,p_imprime_mensaje
TRG_ITEM:RADICACION.ENTREGAR_CHEQUE.KEY-NEXT-ITEM,PU:P_IMPRIME_MENSAJE,INTERNAL_PU_CALL,p_imprime_mensaje
TRG_ITEM:RADICACION.TIPO_CUENTA.KEY-NEXT-ITEM,PU:P_IMPRIME_MENSAJE,INTERNAL_PU_CALL,p_imprime_mensaje
TRG_ITEM:RADICACION.TIPO_PROPIETARIO.KEY-NEXT-ITEM,PU:P_IMPRIME_MENSAJE,INTERNAL_PU_CALL,p_imprime_mensaje
TRG_ITEM:RADICACION.TIPO_PROPIETARIO.WHEN-LIST-CHANGED,EXT:DBAPER.PKG_GENERAL.F_OBTEN_PARAMETRO_SEUS,EXTERNAL_CALL,DBAPER.PKG_GENERAL.F_OBTEN_PARAMETRO_SEUS
TRG_ITEM:RADICACION.NOMBRE_PROPIETARIO.KEY-NEXT-ITEM,PU:P_IMPRIME_MENSAJE,INTERNAL_PU_CALL,p_imprime_mensaje
TRG_ITEM:RADICACION.TIPO_DOCUMENTO.KEY-NEXT-ITEM,PU:P_IMPRIME_MENSAJE,INTERNAL_PU_CALL,p_imprime_mensaje
TRG_ITEM:RADICACION.NUMERO_DOCUMENTO.KEY-NEXT-ITEM,PU:P_IMPRIME_MENSAJE,INTERNAL_PU_CALL,p_imprime_mensaje
TRG_ITEM:RADICACION.NUMERO_DOCUMENTO.WHEN-VALIDATE-ITEM,EXT:f_valida_regular_expression,EXTERNAL_CALL,f_valida_regular_expression
TRG_ITEM:RADICACION.NUMERO_DOCUMENTO.WHEN-VALIDATE-ITEM,PU:P_IMPRIME_MENSAJE,INTERNAL_PU_CALL,p_imprime_mensaje
TRG_ITEM:RADICACION.SEXO.KEY-NEXT-ITEM,PU:P_IMPRIME_MENSAJE,INTERNAL_PU_CALL,p_imprime_mensaje
TRG_ITEM:RADICACION.NACIONALIDAD.KEY-NEXT-ITEM,PU:P_IMPRIME_MENSAJE,INTERNAL_PU_CALL,p_imprime_mensaje
TRG_ITEM:RADICACION.BANCO.WHEN-VALIDATE-ITEM,EXT:f_valida_regular_expression,EXTERNAL_CALL,f_valida_regular_expression
TRG_ITEM:RADICACION.BANCO.WHEN-VALIDATE-ITEM,PU:P_IMPRIME_MENSAJE,INTERNAL_PU_CALL,p_imprime_mensaje
TRG_ITEM:RADICACION.BTN_LOV_BANCO.KEY-NEXT-ITEM,PU:P_IMPRIME_MENSAJE,INTERNAL_PU_CALL,p_imprime_mensaje
TRG_ITEM:RADICACION.NOMBRE_BANCO.WHEN-VALIDATE-ITEM,PU:P_IMPRIME_MENSAJE,INTERNAL_PU_CALL,p_imprime_mensaje
TRG_ITEM:RADICACION.CORREO_PROPIETARIO.KEY-NEXT-ITEM,PU:P_IMPRIME_MENSAJE,INTERNAL_PU_CALL,p_imprime_mensaje
TRG_ITEM:RADICACION.CORREO_PROPIETARIO.WHEN-VALIDATE-ITEM,PU:P_IMPRIME_MENSAJE,INTERNAL_PU_CALL,p_imprime_mensaje
TRG_ITEM:RADICACION.VIA_ENTRADA.WHEN-LIST-CHANGED,EXT:IN,EXTERNAL_CALL,IN
TRG_ITEM:RADICACION.VIA_ENTRADA.KEY-NEXT-ITEM,EXT:IN,EXTERNAL_CALL,IN
TRG_ITEM:RADICACION.VIA_ENTRADA.KEY-NEXT-ITEM,PU:P_IMPRIME_MENSAJE,INTERNAL_PU_CALL,p_imprime_mensaje
TRG_ITEM:RADICACION.NUMERO_VIA_ENTRADA.KEY-NEXT-ITEM,PU:P_IMPRIME_MENSAJE,INTERNAL_PU_CALL,p_imprime_mensaje
TRG_ITEM:RADICACION.NUMERO_VIA_ENTRADA.WHEN-VALIDATE-ITEM,EXT:f_valida_regular_expression,EXTERNAL_CALL,f_valida_regular_expression
TRG_ITEM:RADICACION.NUMERO_VIA_ENTRADA.WHEN-VALIDATE-ITEM,PU:P_IMPRIME_MENSAJE,INTERNAL_PU_CALL,p_imprime_mensaje
TRG_ITEM:RADICACION.NUMERO_CUENTA.WHEN-VALIDATE-ITEM,EXT:f_valida_regular_expression,EXTERNAL_CALL,f_valida_regular_expression
TRG_ITEM:RADICACION.NUMERO_CUENTA.WHEN-VALIDATE-ITEM,PU:P_IMPRIME_MENSAJE,INTERNAL_PU_CALL,p_imprime_mensaje
TRG_ITEM:RADICACION.NUMERO_CUENTA.KEY-NEXT-ITEM,PU:P_IMPRIME_MENSAJE,INTERNAL_PU_CALL,p_imprime_mensaje
TRG_BLOCK:SOLICITUD_PAGO_DETALLE.WHEN-NEW-BLOCK-INSTANCE,PU:P_HABILITA_BLOCK_EXGRATIA,INTERNAL_PU_CALL,P_HABILITA_BLOCK_EXGRATIA
TRG_ITEM:SOLICITUD_PAGO_DETALLE.MONTO.WHEN-VALIDATE-ITEM,EXT:f_valida_regular_expression,EXTERNAL_CALL,f_valida_regular_expression
TRG_ITEM:SOLICITUD_PAGO_DETALLE.MONTO.WHEN-VALIDATE-ITEM,PU:P_IMPRIME_MENSAJE,INTERNAL_PU_CALL,p_imprime_mensaje
TRG_ITEM:SOLICITUD_PAGO_DETALLE.CANTIDAD.WHEN-VALIDATE-ITEM,EXT:f_valida_regular_expression,EXTERNAL_CALL,f_valida_regular_expression
TRG_ITEM:SOLICITUD_PAGO_DETALLE.CANTIDAD.WHEN-VALIDATE-ITEM,PU:P_IMPRIME_MENSAJE,INTERNAL_PU_CALL,p_imprime_mensaje
TRG_BLOCK:SOLICITUD_SERVICIO.PRE-INSERT,EXT:Enfoco,EXTERNAL_CALL,Enfoco
TRG_BLOCK:SOLICITUD_SERVICIO.PRE-INSERT,PU:MSG_ALERT,INTERNAL_PU_CALL,MSG_ALERT
TRG_BLOCK:SOLICITUD_SERVICIO.PRE-INSERT,EXT:PKG_GENERAL.F_OBTEN_PARAMETRO_SEUS,EXTERNAL_CALL,PKG_GENERAL.F_OBTEN_PARAMETRO_SEUS
TRG_BLOCK:SOLICITUD_SERVICIO.PRE-INSERT,PU:P_INSERTAR_CORREO,INTERNAL_PU_CALL,P_INSERTAR_CORREO
TRG_BLOCK:SOLICITUD_SERVICIO.ON-POPULATE-DETAILS,EXT:VARCHAR2,EXTERNAL_CALL,VARCHAR2
TRG_BLOCK:SOLICITUD_SERVICIO.ON-CHECK-DELETE-MASTER,EXT:CHAR,EXTERNAL_CALL,CHAR
TRG_BLOCK:SOLICITUD_SERVICIO.POST-QUERY,EXT:cur_DATOS_proveedor,EXTERNAL_CALL,cur_DATOS_proveedor
TRG_BLOCK:SOLICITUD_SERVICIO.POST-QUERY,EXT:C_TIP_ASE,EXTERNAL_CALL,C_TIP_ASE
TRG_BLOCK:SOLICITUD_SERVICIO.POST-QUERY,EXT:DBAPER.FDP_FECVER,EXTERNAL_CALL,DBAPER.FDP_FECVER
TRG_BLOCK:SOLICITUD_SERVICIO.POST-QUERY,EXT:DBAPER.F_FDP_FEC_VER,EXTERNAL_CALL,DBAPER.F_FDP_FEC_VER
TRG_BLOCK:SOLICITUD_SERVICIO.POST-QUERY,EXT:DBAPER.PKG_GENERAL.F_OBTEN_PARAMETRO_SEUS,EXTERNAL_CALL,DBAPER.PKG_GENERAL.F_OBTEN_PARAMETRO_SEUS
TRG_BLOCK:SOLICITUD_SERVICIO.POST-QUERY,EXT:EXISTS,EXTERNAL_CALL,EXISTS
TRG_BLOCK:SOLICITUD_SERVICIO.POST-QUERY,EXT:FOREBRA,EXTERNAL_CALL,FOREBRA
TRG_BLOCK:SOLICITUD_SERVICIO.POST-QUERY,EXT:F_BUSCAR_CLIENTE_CORREO,EXTERNAL_CALL,F_BUSCAR_CLIENTE_CORREO
TRG_BLOCK:SOLICITUD_SERVICIO.POST-QUERY,EXT:F_BUSCA_NOMBRE_GERENTE,EXTERNAL_CALL,F_BUSCA_NOMBRE_GERENTE
TRG_BLOCK:SOLICITUD_SERVICIO.POST-QUERY,EXT:F_BUSCA_NOMBRE_INTERMED,EXTERNAL_CALL,F_BUSCA_NOMBRE_INTERMED
TRG_BLOCK:SOLICITUD_SERVICIO.POST-QUERY,EXT:IN,EXTERNAL_CALL,IN
TRG_BLOCK:SOLICITUD_SERVICIO.POST-QUERY,EXT:in,EXTERNAL_CALL,in
TRG_BLOCK:SOLICITUD_SERVICIO.POST-QUERY,EXT:PKG_GENERAL.F_OBTEN_PARAMETRO_SEUS,EXTERNAL_CALL,PKG_GENERAL.F_OBTEN_PARAMETRO_SEUS
TRG_BLOCK:SOLICITUD_SERVICIO.POST-QUERY,EXT:PKG_INNOVA.P_VALIDA_DISPONIBLE_GMM,EXTERNAL_CALL,PKG_INNOVA.P_VALIDA_DISPONIBLE_GMM
TRG_BLOCK:SOLICITUD_SERVICIO.POST-QUERY,EXT:PKG_INNOVA.P_VALIDA_DISPONIBLE_SERVICIO,EXTERNAL_CALL,PKG_INNOVA.P_VALIDA_DISPONIBLE_SERVICIO
TRG_BLOCK:SOLICITUD_SERVICIO.POST-QUERY,EXT:REPLACE,EXTERNAL_CALL,REPLACE
TRG_BLOCK:SOLICITUD_SERVICIO.POST-QUERY,EXT:VARCHAR2,EXTERNAL_CALL,VARCHAR2
TRG_BLOCK:SOLICITUD_SERVICIO.PRE-UPDATE,PU:P_INSERTAR_CORREO,INTERNAL_PU_CALL,P_INSERTAR_CORREO
TRG_BLOCK:SOLICITUD_SERVICIO.WHEN-NEW-BLOCK-INSTANCE,EXT:F_OBTEN_PARAMETRO_SEUS,EXTERNAL_CALL,F_OBTEN_PARAMETRO_SEUS
TRG_BLOCK:SOLICITUD_SERVICIO.WHEN-NEW-BLOCK-INSTANCE,EXT:NUMBER,EXTERNAL_CALL,NUMBER
TRG_ITEM:SOLICITUD_SERVICIO.FECHA_SERVICIO.WHEN-VALIDATE-ITEM,PU:MSG_ALERT,INTERNAL_PU_CALL,MSG_ALERT
TRG_ITEM:SOLICITUD_SERVICIO.FECHA_SERVICIO.WHEN-VALIDATE-ITEM,EXT:PKG_GENERAL.F_OBTEN_PARAMETRO_SEUS,EXTERNAL_CALL,PKG_GENERAL.F_OBTEN_PARAMETRO_SEUS
TRG_ITEM:SOLICITUD_SERVICIO.BTN_FEC_SERVICIO.WHEN-BUTTON-PRESSED,EXT:FOREBRA,EXTERNAL_CALL,FOREBRA
TRG_ITEM:SOLICITUD_SERVICIO.BTN_FEC_SERVICIO.WHEN-BUTTON-PRESSED,EXT:IN,EXTERNAL_CALL,IN
TRG_ITEM:SOLICITUD_SERVICIO.CODIGO_PLAN.KEY-LISTVAL,PU:MSG_ALERT,INTERNAL_PU_CALL,MSG_ALERT
TRG_ITEM:SOLICITUD_SERVICIO.CODIGO_PLAN.WHEN-VALIDATE-ITEM,EXT:IN,EXTERNAL_CALL,IN
TRG_ITEM:SOLICITUD_SERVICIO.CODIGO_PLAN.WHEN-VALIDATE-ITEM,PU:MSG_ALERT,INTERNAL_PU_CALL,MSG_ALERT
TRG_ITEM:SOLICITUD_SERVICIO.CODIGO_PLAN.WHEN-VALIDATE-ITEM,EXT:PKG_GENERAL.F_OBTEN_PARAMETRO_SEUS,EXTERNAL_CALL,PKG_GENERAL.F_OBTEN_PARAMETRO_SEUS
TRG_ITEM:SOLICITUD_SERVICIO.BTN_LOV_PLAN.KEY-NEXT-ITEM,PU:P_IMPRIME_MENSAJE,INTERNAL_PU_CALL,p_imprime_mensaje
TRG_ITEM:SOLICITUD_SERVICIO.CODIGO_AFILIADO.WHEN-VALIDATE-ITEM,EXT:C_VALIDA,EXTERNAL_CALL,C_VALIDA
TRG_ITEM:SOLICITUD_SERVICIO.CODIGO_AFILIADO.WHEN-VALIDATE-ITEM,EXT:F_BUSCAR_CLIENTE_CORREO,EXTERNAL_CALL,F_BUSCAR_CLIENTE_CORREO
TRG_ITEM:SOLICITUD_SERVICIO.CODIGO_AFILIADO.WHEN-VALIDATE-ITEM,EXT:F_BUSCA_CHK_FALLECIDO,EXTERNAL_CALL,F_BUSCA_CHK_FALLECIDO
TRG_ITEM:SOLICITUD_SERVICIO.CODIGO_AFILIADO.WHEN-VALIDATE-ITEM,EXT:IN,EXTERNAL_CALL,IN
TRG_ITEM:SOLICITUD_SERVICIO.CODIGO_AFILIADO.WHEN-VALIDATE-ITEM,EXT:LPAD,EXTERNAL_CALL,LPAD
TRG_ITEM:SOLICITUD_SERVICIO.CODIGO_AFILIADO.WHEN-VALIDATE-ITEM,PU:MSG_ALERT,INTERNAL_PU_CALL,MSG_ALERT
TRG_ITEM:SOLICITUD_SERVICIO.CODIGO_AFILIADO.WHEN-VALIDATE-ITEM,PU:P_LLENA_CARNET_AFI,INTERNAL_PU_CALL,P_LLENA_CARNET_AFI
TRG_ITEM:SOLICITUD_SERVICIO.CODIGO_AFILIADO.WHEN-VALIDATE-ITEM,EXT:VARCHAR2,EXTERNAL_CALL,VARCHAR2
TRG_ITEM:SOLICITUD_SERVICIO.CODIGO_AFILIADO.KEY-LISTVAL,PU:MSG_ALERT,INTERNAL_PU_CALL,MSG_ALERT
TRG_ITEM:SOLICITUD_SERVICIO.BTN_AFILIADO.KEY-NEXT-ITEM,PU:P_IMPRIME_MENSAJE,INTERNAL_PU_CALL,p_imprime_mensaje
TRG_ITEM:SOLICITUD_SERVICIO.CORREO_NOTIFICA.WHEN-VALIDATE-ITEM,PU:P_IMPRIME_MENSAJE,INTERNAL_PU_CALL,p_imprime_mensaje
TRG_ITEM:SOLICITUD_SERVICIO.TIPO_SERVICIO.WHEN-LIST-CHANGED,EXT:C_TIP_ASE,EXTERNAL_CALL,C_TIP_ASE
TRG_ITEM:SOLICITUD_SERVICIO.TIPO_SERVICIO.WHEN-LIST-CHANGED,EXT:DBAPER.FDP_FECVER,EXTERNAL_CALL,DBAPER.FDP_FECVER
TRG_ITEM:SOLICITUD_SERVICIO.TIPO_SERVICIO.WHEN-LIST-CHANGED,EXT:DBAPER.F_FDP_FEC_VER,EXTERNAL_CALL,DBAPER.F_FDP_FEC_VER
TRG_ITEM:SOLICITUD_SERVICIO.TIPO_SERVICIO.WHEN-LIST-CHANGED,EXT:DBAPER.F_PACIENTE_RENAL,EXTERNAL_CALL,DBAPER.F_PACIENTE_RENAL
TRG_ITEM:SOLICITUD_SERVICIO.TIPO_SERVICIO.WHEN-LIST-CHANGED,EXT:DBAPER.PKG_GENERAL.F_OBTEN_PARAMETRO_SEUS,EXTERNAL_CALL,DBAPER.PKG_GENERAL.F_OBTEN_PARAMETRO_SEUS
TRG_ITEM:SOLICITUD_SERVICIO.TIPO_SERVICIO.WHEN-LIST-CHANGED,EXT:FOREBRA,EXTERNAL_CALL,FOREBRA
TRG_ITEM:SOLICITUD_SERVICIO.TIPO_SERVICIO.WHEN-LIST-CHANGED,EXT:IN,EXTERNAL_CALL,IN
TRG_ITEM:SOLICITUD_SERVICIO.TIPO_SERVICIO.WHEN-LIST-CHANGED,PU:MSG_ALERT,INTERNAL_PU_CALL,MSG_ALERT
TRG_ITEM:SOLICITUD_SERVICIO.TIPO_SERVICIO.WHEN-LIST-CHANGED,EXT:PKG_INNOVA.P_VALIDA_DISPONIBLE_GMM,EXTERNAL_CALL,PKG_INNOVA.P_VALIDA_DISPONIBLE_GMM
TRG_ITEM:SOLICITUD_SERVICIO.TIPO_SERVICIO.WHEN-LIST-CHANGED,PU:P_IMPRIME_MENSAJE,INTERNAL_PU_CALL,P_IMPRIME_MENSAJE
TRG_ITEM:SOLICITUD_SERVICIO.TIPO_SERVICIO.WHEN-LIST-CHANGED,EXT:Set_Alert_Property,EXTERNAL_CALL,Set_Alert_Property
TRG_ITEM:SOLICITUD_SERVICIO.TIPO_SERVICIO.WHEN-LIST-CHANGED,EXT:VARCHAR2,EXTERNAL_CALL,VARCHAR2
TRG_ITEM:SOLICITUD_SERVICIO.TIPO_SERVICIO.WHEN-VALIDATE-ITEM,EXT:DBAPER.PKG_GENERAL.F_OBTEN_PARAMETRO_SEUS,EXTERNAL_CALL,DBAPER.PKG_GENERAL.F_OBTEN_PARAMETRO_SEUS
TRG_ITEM:SOLICITUD_SERVICIO.TIPO_SERVICIO.WHEN-VALIDATE-ITEM,EXT:FOREBRA,EXTERNAL_CALL,FOREBRA
TRG_ITEM:SOLICITUD_SERVICIO.TIPO_SERVICIO.WHEN-VALIDATE-ITEM,EXT:PKG_GENERAL.F_OBTEN_PARAMETRO_SEUS,EXTERNAL_CALL,PKG_GENERAL.F_OBTEN_PARAMETRO_SEUS
TRG_ITEM:SOLICITUD_SERVICIO.TIPO_SERVICIO.WHEN-VALIDATE-ITEM,PU:P_IMPRIME_MENSAJE,INTERNAL_PU_CALL,P_IMPRIME_MENSAJE
TRG_ITEM:SOLICITUD_SERVICIO.TIPO_SERVICIO.WHEN-NEW-ITEM-INSTANCE,PU:P_IMPRIME_MENSAJE,INTERNAL_PU_CALL,p_imprime_mensaje
TRG_ITEM:SOLICITUD_SERVICIO.MEDICO_CODIGO.KEY-NEXT-ITEM,EXT:FOREBRA,EXTERNAL_CALL,FOREBRA
TRG_ITEM:SOLICITUD_SERVICIO.MEDICO_CODIGO.KEY-NEXT-ITEM,EXT:PKG_GENERAL.F_OBTEN_PARAMETRO_SEUS,EXTERNAL_CALL,PKG_GENERAL.F_OBTEN_PARAMETRO_SEUS
TRG_ITEM:SOLICITUD_SERVICIO.MEDICO_CODIGO.KEY-NEXT-ITEM,PU:P_IMPRIME_MENSAJE,INTERNAL_PU_CALL,P_IMPRIME_MENSAJE
TRG_ITEM:SOLICITUD_SERVICIO.LOV_MEDICO.WHEN-BUTTON-PRESSED,EXT:FOREBRA,EXTERNAL_CALL,FOREBRA
TRG_ITEM:SOLICITUD_SERVICIO.LOV_MEDICO.WHEN-BUTTON-PRESSED,EXT:PKG_GENERAL.F_OBTEN_PARAMETRO_SEUS,EXTERNAL_CALL,PKG_GENERAL.F_OBTEN_PARAMETRO_SEUS
TRG_ITEM:SOLICITUD_SERVICIO.LOV_MEDICO.WHEN-BUTTON-PRESSED,PU:P_IMPRIME_MENSAJE,INTERNAL_PU_CALL,P_IMPRIME_MENSAJE
TRG_ITEM:SOLICITUD_SERVICIO.LOV_MEDICO.KEY-NEXT-ITEM,EXT:FOREBRA,EXTERNAL_CALL,FOREBRA
TRG_ITEM:SOLICITUD_SERVICIO.LOV_MEDICO.KEY-NEXT-ITEM,EXT:PKG_GENERAL.F_OBTEN_PARAMETRO_SEUS,EXTERNAL_CALL,PKG_GENERAL.F_OBTEN_PARAMETRO_SEUS
TRG_ITEM:SOLICITUD_SERVICIO.LOV_MEDICO.KEY-NEXT-ITEM,PU:P_IMPRIME_MENSAJE,INTERNAL_PU_CALL,P_IMPRIME_MENSAJE
TRG_ITEM:SOLICITUD_SERVICIO.SUB_GRUPO_SERVICIO.WHEN-VALIDATE-ITEM,EXT:DBAPER.PKG_GENERAL.F_OBTEN_PARAMETRO_SEUS,EXTERNAL_CALL,DBAPER.PKG_GENERAL.F_OBTEN_PARAMETRO_SEUS
TRG_ITEM:SOLICITUD_SERVICIO.SUB_GRUPO_SERVICIO.WHEN-VALIDATE-ITEM,EXT:FOREBRA,EXTERNAL_CALL,FOREBRA
TRG_ITEM:SOLICITUD_SERVICIO.SUB_GRUPO_SERVICIO.WHEN-VALIDATE-ITEM,EXT:PKG_INNOVA.P_VALIDA_DISPONIBLE_SERVICIO,EXTERNAL_CALL,PKG_INNOVA.P_VALIDA_DISPONIBLE_SERVICIO
TRG_ITEM:SOLICITUD_SERVICIO.SUB_GRUPO_SERVICIO.WHEN-VALIDATE-ITEM,EXT:VARCHAR2,EXTERNAL_CALL,VARCHAR2
TRG_ITEM:SOLICITUD_SERVICIO.SUB_GRUPO_SERVICIO.KEY-NEXT-ITEM,EXT:FOREBRA,EXTERNAL_CALL,FOREBRA
TRG_ITEM:SOLICITUD_SERVICIO.SUB_GRUPO_SERVICIO.KEY-NEXT-ITEM,EXT:PKG_GENERAL.F_OBTEN_PARAMETRO_SEUS,EXTERNAL_CALL,PKG_GENERAL.F_OBTEN_PARAMETRO_SEUS
TRG_ITEM:SOLICITUD_SERVICIO.SUB_GRUPO_SERVICIO.KEY-NEXT-ITEM,PU:P_IMPRIME_MENSAJE,INTERNAL_PU_CALL,P_IMPRIME_MENSAJE
TRG_ITEM:SOLICITUD_SERVICIO.BTN_SUB_GRUP_SER.WHEN-BUTTON-PRESSED,EXT:PKG_GENERAL.F_OBTEN_PARAMETRO_SEUS,EXTERNAL_CALL,PKG_GENERAL.F_OBTEN_PARAMETRO_SEUS
TRG_ITEM:SOLICITUD_SERVICIO.BTN_SUB_GRUP_SER.WHEN-BUTTON-PRESSED,PU:P_IMPRIME_MENSAJE,INTERNAL_PU_CALL,P_IMPRIME_MENSAJE
TRG_ITEM:SOLICITUD_SERVICIO.BTN_SUB_GRUP_SER.KEY-NEXT-ITEM,EXT:DBAPER.PKG_GENERAL.F_OBTEN_PARAMETRO_SEUS,EXTERNAL_CALL,DBAPER.PKG_GENERAL.F_OBTEN_PARAMETRO_SEUS
TRG_ITEM:SOLICITUD_SERVICIO.BTN_SUB_GRUP_SER.KEY-NEXT-ITEM,EXT:FOREBRA,EXTERNAL_CALL,FOREBRA
TRG_ITEM:SOLICITUD_SERVICIO.BTN_SUB_GRUP_SER.KEY-NEXT-ITEM,PU:P_IMPRIME_MENSAJE,INTERNAL_PU_CALL,P_IMPRIME_MENSAJE
TRG_ITEM:SOLICITUD_SERVICIO.ESPECIALIDAD.KEY-NEXT-ITEM,EXT:FOREBRA,EXTERNAL_CALL,FOREBRA
TRG_ITEM:SOLICITUD_SERVICIO.ESPECIALIDAD.KEY-NEXT-ITEM,EXT:PKG_GENERAL.F_OBTEN_PARAMETRO_SEUS,EXTERNAL_CALL,PKG_GENERAL.F_OBTEN_PARAMETRO_SEUS
TRG_ITEM:SOLICITUD_SERVICIO.ESPECIALIDAD.KEY-NEXT-ITEM,PU:P_IMPRIME_MENSAJE,INTERNAL_PU_CALL,P_IMPRIME_MENSAJE
TRG_ITEM:SOLICITUD_SERVICIO.LOV_ESPECIALIDAD.WHEN-BUTTON-PRESSED,EXT:FOREBRA,EXTERNAL_CALL,FOREBRA
TRG_ITEM:SOLICITUD_SERVICIO.LOV_ESPECIALIDAD.WHEN-BUTTON-PRESSED,EXT:PKG_GENERAL.F_OBTEN_PARAMETRO_SEUS,EXTERNAL_CALL,PKG_GENERAL.F_OBTEN_PARAMETRO_SEUS
TRG_ITEM:SOLICITUD_SERVICIO.LOV_ESPECIALIDAD.WHEN-BUTTON-PRESSED,PU:P_IMPRIME_MENSAJE,INTERNAL_PU_CALL,P_IMPRIME_MENSAJE
TRG_ITEM:SOLICITUD_SERVICIO.LOV_ESPECIALIDAD.KEY-NEXT-ITEM,EXT:FOREBRA,EXTERNAL_CALL,FOREBRA
TRG_ITEM:SOLICITUD_SERVICIO.LOV_ESPECIALIDAD.KEY-NEXT-ITEM,EXT:PKG_GENERAL.F_OBTEN_PARAMETRO_SEUS,EXTERNAL_CALL,PKG_GENERAL.F_OBTEN_PARAMETRO_SEUS
TRG_ITEM:SOLICITUD_SERVICIO.LOV_ESPECIALIDAD.KEY-NEXT-ITEM,PU:P_IMPRIME_MENSAJE,INTERNAL_PU_CALL,P_IMPRIME_MENSAJE
TRG_BLOCK:SOLICITUD_SERV_MOT.WHEN-NEW-BLOCK-INSTANCE,EXT:FOREBRA,EXTERNAL_CALL,FOREBRA
TRG_BLOCK:SOLICITUD_SERV_MOT.WHEN-NEW-BLOCK-INSTANCE,PU:P_HABILITA_BLOCK_EXGRATIA,INTERNAL_PU_CALL,P_HABILITA_BLOCK_EXGRATIA
TRG_ITEM:SOLICITUD_SERV_MOT.MOTIVO.WHEN-LIST-CHANGED,EXT:FOREBRA,EXTERNAL_CALL,FOREBRA
TRG_ITEM:SOLICITUD_SERV_MOT.MOTIVO.WHEN-LIST-CHANGED,PU:MSG_ALERT,INTERNAL_PU_CALL,MSG_ALERT
TRG_BLOCK:SOLICITUD_SERV_DIAG.WHEN-VALIDATE-RECORD,EXT:FOREBRA,EXTERNAL_CALL,FOREBRA
TRG_BLOCK:SOLICITUD_SERV_DIAG.WHEN-VALIDATE-RECORD,PU:MSG_ALERT,INTERNAL_PU_CALL,MSG_ALERT
TRG_BLOCK:SOLICITUD_SERV_DIAG.WHEN-NEW-BLOCK-INSTANCE,PU:P_HABILITA_BLOCK_EXGRATIA,INTERNAL_PU_CALL,P_HABILITA_BLOCK_EXGRATIA
TRG_ITEM:SOLICITUD_SERV_DIAG.COD_DIAGNOSTICO.WHEN-VALIDATE-ITEM,EXT:CUR_DATOS_AFI,EXTERNAL_CALL,CUR_DATOS_AFI
TRG_ITEM:SOLICITUD_SERV_DIAG.COD_DIAGNOSTICO.WHEN-VALIDATE-ITEM,EXT:EXISTS,EXTERNAL_CALL,EXISTS
TRG_ITEM:SOLICITUD_SERV_DIAG.COD_DIAGNOSTICO.WHEN-VALIDATE-ITEM,EXT:FOREBRA,EXTERNAL_CALL,FOREBRA
TRG_ITEM:SOLICITUD_SERV_DIAG.COD_DIAGNOSTICO.WHEN-VALIDATE-ITEM,EXT:LPAD,EXTERNAL_CALL,LPAD
TRG_ITEM:SOLICITUD_SERV_DIAG.COD_DIAGNOSTICO.WHEN-VALIDATE-ITEM,PU:MSG_ALERT,INTERNAL_PU_CALL,MSG_ALERT
TRG_ITEM:SOLICITUD_SERV_DIAG.COD_DIAGNOSTICO.WHEN-VALIDATE-ITEM,EXT:PKG_GENERAL.F_OBTEN_PARAMETRO_SEUS,EXTERNAL_CALL,PKG_GENERAL.F_OBTEN_PARAMETRO_SEUS
TRG_ITEM:SOLICITUD_SERV_DIAG.COD_DIAGNOSTICO.WHEN-VALIDATE-ITEM,EXT:PKG_INNOVA.FDP_VALIDA_PREEX,EXTERNAL_CALL,PKG_INNOVA.FDP_VALIDA_PREEX
TRG_ITEM:SOLICITUD_SERV_DIAG.COD_DIAGNOSTICO.WHEN-VALIDATE-ITEM,PU:P_IMPRIME_MENSAJE,INTERNAL_PU_CALL,P_IMPRIME_MENSAJE
TRG_ITEM:SOLICITUD_SERV_DIAG.COD_DIAGNOSTICO.WHEN-VALIDATE-ITEM,EXT:varchar2,EXTERNAL_CALL,varchar2
TRG_ITEM:SOLICITUD_SERV_DIAG.COD_DIAGNOSTICO.KEY-NEXT-ITEM,EXT:FOREBRA,EXTERNAL_CALL,FOREBRA
TRG_ITEM:SOLICITUD_SERV_DIAG.COD_DIAGNOSTICO.KEY-NEXT-ITEM,EXT:PKG_GENERAL.F_OBTEN_PARAMETRO_SEUS,EXTERNAL_CALL,PKG_GENERAL.F_OBTEN_PARAMETRO_SEUS
TRG_ITEM:SOLICITUD_SERV_DIAG.COD_DIAGNOSTICO.KEY-NEXT-ITEM,PU:P_IMPRIME_MENSAJE,INTERNAL_PU_CALL,P_IMPRIME_MENSAJE
TRG_ITEM:SOLICITUD_SERV_DIAG.LOV_DIAGNOSTICO.WHEN-BUTTON-PRESSED,EXT:FOREBRA,EXTERNAL_CALL,FOREBRA
TRG_ITEM:SOLICITUD_SERV_DIAG.LOV_DIAGNOSTICO.WHEN-BUTTON-PRESSED,EXT:PKG_GENERAL.F_OBTEN_PARAMETRO_SEUS,EXTERNAL_CALL,PKG_GENERAL.F_OBTEN_PARAMETRO_SEUS
TRG_ITEM:SOLICITUD_SERV_DIAG.LOV_DIAGNOSTICO.WHEN-BUTTON-PRESSED,PU:P_IMPRIME_MENSAJE,INTERNAL_PU_CALL,P_IMPRIME_MENSAJE
TRG_BLOCK:SOLICITUD_SERVICIO_DETALLE.PRE-INSERT,EXT:IN,EXTERNAL_CALL,IN
TRG_BLOCK:SOLICITUD_SERVICIO_DETALLE.PRE-INSERT,PU:MSG_ALERT,INTERNAL_PU_CALL,MSG_ALERT
TRG_BLOCK:SOLICITUD_SERVICIO_DETALLE.PRE-INSERT,EXT:PKG_GENERAL.F_OBTEN_PARAMETRO_SEUS,EXTERNAL_CALL,PKG_GENERAL.F_OBTEN_PARAMETRO_SEUS
TRG_BLOCK:SOLICITUD_SERVICIO_DETALLE.PRE-INSERT,PU:P_IMPRIME_MENSAJE,INTERNAL_PU_CALL,P_IMPRIME_MENSAJE
TRG_BLOCK:SOLICITUD_SERVICIO_DETALLE.PRE-UPDATE,EXT:PKG_GENERAL.F_OBTEN_PARAMETRO_SEUS,EXTERNAL_CALL,PKG_GENERAL.F_OBTEN_PARAMETRO_SEUS
TRG_BLOCK:SOLICITUD_SERVICIO_DETALLE.PRE-UPDATE,PU:P_IMPRIME_MENSAJE,INTERNAL_PU_CALL,P_IMPRIME_MENSAJE
TRG_BLOCK:SOLICITUD_SERVICIO_DETALLE.POST-QUERY,EXT:DBAPER.PKG_GENERAL.F_OBTEN_PARAMETRO_SEUS,EXTERNAL_CALL,DBAPER.PKG_GENERAL.F_OBTEN_PARAMETRO_SEUS
TRG_BLOCK:SOLICITUD_SERVICIO_DETALLE.POST-QUERY,EXT:dbaper.PKG_GENERAL.F_OBTEN_PARAMETRO_SEUS,EXTERNAL_CALL,dbaper.PKG_GENERAL.F_OBTEN_PARAMETRO_SEUS
TRG_BLOCK:SOLICITUD_SERVICIO_DETALLE.POST-QUERY,PU:F_FREC_CONS_TEMP_IN_UP,INTERNAL_PU_CALL,F_FREC_CONS_TEMP_IN_UP
TRG_BLOCK:SOLICITUD_SERVICIO_DETALLE.POST-QUERY,EXT:in,EXTERNAL_CALL,in
TRG_BLOCK:SOLICITUD_SERVICIO_DETALLE.POST-QUERY,EXT:PKG_GENERAL.F_OBTEN_PARAMETRO_SEUS,EXTERNAL_CALL,PKG_GENERAL.F_OBTEN_PARAMETRO_SEUS
TRG_BLOCK:SOLICITUD_SERVICIO_DETALLE.POST-QUERY,PU:P_MANEJA_HABILITA_COB_ESTATUS,INTERNAL_PU_CALL,P_MANEJA_HABILITA_COB_ESTATUS
TRG_BLOCK:SOLICITUD_SERVICIO_DETALLE.POST-QUERY,PU:P_MON_CONS_TEMP_IN_UP,INTERNAL_PU_CALL,P_MON_CONS_TEMP_IN_UP
TRG_BLOCK:SOLICITUD_SERVICIO_DETALLE.POST-INSERT,EXT:reembolso.COBERTURA_SOL_MOTIVO_RECHAZO,EXTERNAL_CALL,reembolso.COBERTURA_SOL_MOTIVO_RECHAZO
TRG_BLOCK:SOLICITUD_SERVICIO_DETALLE.POST-INSERT,EXT:VALUES,EXTERNAL_CALL,VALUES
TRG_BLOCK:SOLICITUD_SERVICIO_DETALLE.WHEN-NEW-BLOCK-INSTANCE,PU:P_HABILITA_BLOCK_EXGRATIA,INTERNAL_PU_CALL,P_HABILITA_BLOCK_EXGRATIA
TRG_BLOCK:SOLICITUD_SERVICIO_DETALLE.WHEN-NEW-RECORD-INSTANCE,EXT:DBAPER.PKG_GENERAL.F_OBTEN_PARAMETRO_SEUS,EXTERNAL_CALL,DBAPER.PKG_GENERAL.F_OBTEN_PARAMETRO_SEUS
TRG_BLOCK:SOLICITUD_SERVICIO_DETALLE.WHEN-NEW-RECORD-INSTANCE,EXT:dbaper.PKG_GENERAL.F_OBTEN_PARAMETRO_SEUS,EXTERNAL_CALL,dbaper.PKG_GENERAL.F_OBTEN_PARAMETRO_SEUS
TRG_BLOCK:SOLICITUD_SERVICIO_DETALLE.WHEN-NEW-RECORD-INSTANCE,EXT:in,EXTERNAL_CALL,in
TRG_BLOCK:SOLICITUD_SERVICIO_DETALLE.WHEN-NEW-RECORD-INSTANCE,PU:MSG_ALERT,INTERNAL_PU_CALL,msg_alert
TRG_BLOCK:SOLICITUD_SERVICIO_DETALLE.WHEN-NEW-RECORD-INSTANCE,EXT:PKG_GENERAL.F_OBTEN_PARAMETRO_SEUS,EXTERNAL_CALL,PKG_GENERAL.F_OBTEN_PARAMETRO_SEUS
TRG_BLOCK:SOLICITUD_SERVICIO_DETALLE.WHEN-NEW-RECORD-INSTANCE,PU:P_VALIDA_SOLICITUD_DUPLI_COB,INTERNAL_PU_CALL,p_valida_solicitud_dupli_cob
TRG_BLOCK:SOLICITUD_SERVICIO_DETALLE.WHEN-VALIDATE-RECORD,EXT:Encofo,EXTERNAL_CALL,Encofo
TRG_BLOCK:SOLICITUD_SERVICIO_DETALLE.WHEN-VALIDATE-RECORD,PU:F_USUARIO_AUTORIZADO,INTERNAL_PU_CALL,F_USUARIO_AUTORIZADO
TRG_BLOCK:SOLICITUD_SERVICIO_DETALLE.WHEN-VALIDATE-RECORD,PU:MSG_ALERT,INTERNAL_PU_CALL,MSG_ALERT
TRG_BLOCK:SOLICITUD_SERVICIO_DETALLE.WHEN-VALIDATE-RECORD,EXT:PKG_GENERAL.F_OBTEN_PARAMETRO_SEUS,EXTERNAL_CALL,PKG_GENERAL.F_OBTEN_PARAMETRO_SEUS
TRG_BLOCK:SOLICITUD_SERVICIO_DETALLE.WHEN-VALIDATE-RECORD,EXT:pkg_general.p_inserta_error,EXTERNAL_CALL,pkg_general.p_inserta_error
TRG_BLOCK:SOLICITUD_SERVICIO_DETALLE.WHEN-VALIDATE-RECORD,EXT:PKG_TARIFAS_URA.F_MONTO_REEMBOLSO_VALIDO,EXTERNAL_CALL,PKG_TARIFAS_URA.F_MONTO_REEMBOLSO_VALIDO
TRG_BLOCK:SOLICITUD_SERVICIO_DETALLE.WHEN-VALIDATE-RECORD,PU:P_ALERTA_MENSAJE,INTERNAL_PU_CALL,p_alerta_mensaje
TRG_BLOCK:SOLICITUD_SERVICIO_DETALLE.WHEN-VALIDATE-RECORD,PU:P_IMPRIME_MENSAJE,INTERNAL_PU_CALL,P_IMPRIME_MENSAJE
TRG_BLOCK:SOLICITUD_SERVICIO_DETALLE.WHEN-VALIDATE-RECORD,PU:P_VALIDA_USUARIO_APROB,INTERNAL_PU_CALL,P_VALIDA_USUARIO_APROB
TRG_BLOCK:SOLICITUD_SERVICIO_DETALLE.ON-POPULATE-DETAILS,EXT:VARCHAR2,EXTERNAL_CALL,VARCHAR2
TRG_BLOCK:SOLICITUD_SERVICIO_DETALLE.ON-CHECK-DELETE-MASTER,EXT:CHAR,EXTERNAL_CALL,CHAR
TRG_ITEM:SOLICITUD_SERVICIO_DETALLE.COBERTURA.WHEN-VALIDATE-ITEM,EXT:DBAPER.PKG_GENERAL.F_OBTEN_PARAMETRO_SEUS,EXTERNAL_CALL,DBAPER.PKG_GENERAL.F_OBTEN_PARAMETRO_SEUS
TRG_ITEM:SOLICITUD_SERVICIO_DETALLE.COBERTURA.WHEN-VALIDATE-ITEM,EXT:dbaper.PKG_GENERAL.F_OBTEN_PARAMETRO_SEUS,EXTERNAL_CALL,dbaper.PKG_GENERAL.F_OBTEN_PARAMETRO_SEUS
TRG_ITEM:SOLICITUD_SERVICIO_DETALLE.COBERTURA.WHEN-VALIDATE-ITEM,EXT:FOREBRA,EXTERNAL_CALL,FOREBRA
TRG_ITEM:SOLICITUD_SERVICIO_DETALLE.COBERTURA.WHEN-VALIDATE-ITEM,EXT:in,EXTERNAL_CALL,in
TRG_ITEM:SOLICITUD_SERVICIO_DETALLE.COBERTURA.WHEN-VALIDATE-ITEM,PU:MSG_ALERT,INTERNAL_PU_CALL,MSG_ALERT
TRG_ITEM:SOLICITUD_SERVICIO_DETALLE.COBERTURA.WHEN-VALIDATE-ITEM,PU:MSG_ALERT,INTERNAL_PU_CALL,msg_alert
TRG_ITEM:SOLICITUD_SERVICIO_DETALLE.COBERTURA.WHEN-VALIDATE-ITEM,EXT:PKG_GENERAL.F_OBTEN_PARAMETRO_SEUS,EXTERNAL_CALL,PKG_GENERAL.F_OBTEN_PARAMETRO_SEUS
TRG_ITEM:SOLICITUD_SERVICIO_DETALLE.COBERTURA.WHEN-VALIDATE-ITEM,PU:P_IMPRIME_MENSAJE,INTERNAL_PU_CALL,P_IMPRIME_MENSAJE
TRG_ITEM:SOLICITUD_SERVICIO_DETALLE.COBERTURA.WHEN-VALIDATE-ITEM,PU:P_VALIDA_SOLICITUD_DUPLICADA,INTERNAL_PU_CALL,p_valida_solicitud_duplicada
TRG_ITEM:SOLICITUD_SERVICIO_DETALLE.COBERTURA.WHEN-VALIDATE-ITEM,PU:P_VALIDA_SOLICITUD_DUPLI_COB,INTERNAL_PU_CALL,p_valida_solicitud_dupli_cob
TRG_ITEM:SOLICITUD_SERVICIO_DETALLE.COBERTURA.KEY-NEXT-ITEM,EXT:Enfoco,EXTERNAL_CALL,Enfoco
TRG_ITEM:SOLICITUD_SERVICIO_DETALLE.COBERTURA.KEY-NEXT-ITEM,EXT:FOREBRA,EXTERNAL_CALL,FOREBRA
TRG_ITEM:SOLICITUD_SERVICIO_DETALLE.COBERTURA.KEY-NEXT-ITEM,EXT:F_OBTEN_PARAMETRO_SEUS,EXTERNAL_CALL,F_OBTEN_PARAMETRO_SEUS
TRG_ITEM:SOLICITUD_SERVICIO_DETALLE.COBERTURA.KEY-NEXT-ITEM,EXT:IN,EXTERNAL_CALL,IN
TRG_ITEM:SOLICITUD_SERVICIO_DETALLE.COBERTURA.KEY-NEXT-ITEM,PU:MSG_ALERT,INTERNAL_PU_CALL,MSG_ALERT
TRG_ITEM:SOLICITUD_SERVICIO_DETALLE.COBERTURA.KEY-NEXT-ITEM,PU:MSG_ALERT,INTERNAL_PU_CALL,msg_alert
TRG_ITEM:SOLICITUD_SERVICIO_DETALLE.COBERTURA.KEY-NEXT-ITEM,PU:P_VALIDA_SOLICITUD_DUPLICADA,INTERNAL_PU_CALL,p_valida_solicitud_duplicada
TRG_ITEM:SOLICITUD_SERVICIO_DETALLE.COBERTURA.KEY-NEXT-ITEM,PU:P_VALIDA_SOLICITUD_DUPLI_COB,INTERNAL_PU_CALL,p_valida_solicitud_dupli_cob
TRG_ITEM:SOLICITUD_SERVICIO_DETALLE.COBERTURA.KEY-NEXT-ITEM,EXT:VARCHAR2,EXTERNAL_CALL,VARCHAR2
TRG_ITEM:SOLICITUD_SERVICIO_DETALLE.LOV_COBERTURA.WHEN-BUTTON-PRESSED,EXT:FOREBRA,EXTERNAL_CALL,FOREBRA
TRG_ITEM:SOLICITUD_SERVICIO_DETALLE.LOV_COBERTURA.WHEN-BUTTON-PRESSED,PU:MSG_ALERT,INTERNAL_PU_CALL,MSG_ALERT
TRG_ITEM:SOLICITUD_SERVICIO_DETALLE.LOV_COBERTURA.WHEN-BUTTON-PRESSED,PU:MSG_ALERT,INTERNAL_PU_CALL,msg_alert
TRG_ITEM:SOLICITUD_SERVICIO_DETALLE.LOV_COBERTURA.WHEN-BUTTON-PRESSED,PU:P_IMPRIME_MENSAJE,INTERNAL_PU_CALL,P_IMPRIME_MENSAJE
TRG_ITEM:SOLICITUD_SERVICIO_DETALLE.MONTO_RECLAMO.KEY-NEXT-ITEM,EXT:DBAPER.PKG_GENERAL.F_OBTEN_PARAMETRO_SEUS,EXTERNAL_CALL,DBAPER.PKG_GENERAL.F_OBTEN_PARAMETRO_SEUS
TRG_ITEM:SOLICITUD_SERVICIO_DETALLE.MONTO_RECLAMO.KEY-NEXT-ITEM,EXT:dbaper.PKG_GENERAL.F_OBTEN_PARAMETRO_SEUS,EXTERNAL_CALL,dbaper.PKG_GENERAL.F_OBTEN_PARAMETRO_SEUS
TRG_ITEM:SOLICITUD_SERVICIO_DETALLE.MONTO_RECLAMO.KEY-NEXT-ITEM,EXT:FOREBRA,EXTERNAL_CALL,FOREBRA
TRG_ITEM:SOLICITUD_SERVICIO_DETALLE.MONTO_RECLAMO.KEY-NEXT-ITEM,EXT:in,EXTERNAL_CALL,in
TRG_ITEM:SOLICITUD_SERVICIO_DETALLE.MONTO_RECLAMO.KEY-NEXT-ITEM,PU:MSG_ALERT,INTERNAL_PU_CALL,MSG_ALERT
TRG_ITEM:SOLICITUD_SERVICIO_DETALLE.MONTO_RECLAMO.KEY-NEXT-ITEM,EXT:PKG_GENERAL.F_OBTEN_PARAMETRO_SEUS,EXTERNAL_CALL,PKG_GENERAL.F_OBTEN_PARAMETRO_SEUS
TRG_ITEM:SOLICITUD_SERVICIO_DETALLE.MONTO_RECLAMO.KEY-NEXT-ITEM,PU:P_VALIDA_SOLICITUD_DUPLICADA,INTERNAL_PU_CALL,p_valida_solicitud_duplicada
TRG_ITEM:SOLICITUD_SERVICIO_DETALLE.MONTO_RECLAMO.KEY-NEXT-ITEM,PU:P_VALIDA_SOLICITUD_DUPLI_COB,INTERNAL_PU_CALL,p_valida_solicitud_dupli_cob
TRG_ITEM:SOLICITUD_SERVICIO_DETALLE.MONTO_RECLAMO.WHEN-VALIDATE-ITEM,PU:P_VALIDA_GRUPO_COB,INTERNAL_PU_CALL,P_VALIDA_GRUPO_COB
TRG_ITEM:SOLICITUD_SERVICIO_DETALLE.MONTO_RECLAMO.WHEN-VALIDATE-ITEM,EXT:VARCHAR2,EXTERNAL_CALL,VARCHAR2
TRG_ITEM:SOLICITUD_SERVICIO_DETALLE.COBERTURA_SOL_ESTATUS_ID.WHEN-LIST-CHANGED,EXT:execute_trigger,EXTERNAL_CALL,execute_trigger
TRG_ITEM:SOLICITUD_SERVICIO_DETALLE.COBERTURA_SOL_ESTATUS_ID.WHEN-LIST-CHANGED,EXT:PKG_GENERAL.F_OBTEN_PARAMETRO_SEUS,EXTERNAL_CALL,PKG_GENERAL.F_OBTEN_PARAMETRO_SEUS
TRG_ITEM:SOLICITUD_SERVICIO_DETALLE.BTN_EDITAR_COB.WHEN-BUTTON-PRESSED,EXT:PKG_GENERAL.F_OBTEN_PARAMETRO_SEUS,EXTERNAL_CALL,PKG_GENERAL.F_OBTEN_PARAMETRO_SEUS
TRG_ITEM:SOLICITUD_SERVICIO_DETALLE.BTN_EDITAR_MON.WHEN-BUTTON-PRESSED,EXT:FOREBRA,EXTERNAL_CALL,FOREBRA
TRG_ITEM:SOLICITUD_SERVICIO_DETALLE.BTN_EDITAR_MON.WHEN-BUTTON-PRESSED,PU:MSG_ALERT,INTERNAL_PU_CALL,MSG_ALERT
TRG_ITEM:SOLICITUD_SERVICIO_DETALLE.BTN_COBR_INDE.WHEN-BUTTON-PRESSED,EXT:FOREBRA,EXTERNAL_CALL,FOREBRA
TRG_ITEM:SOLICITUD_SERVICIO_DETALLE.BTN_COBR_INDE.WHEN-BUTTON-PRESSED,PU:MSG_ALERT,INTERNAL_PU_CALL,MSG_ALERT
TRG_ITEM:SOLICITUD_SERVICIO_DETALLE.BTN_EXCEPCION_NEGOCIO.WHEN-BUTTON-PRESSED,EXT:FOREBRA,EXTERNAL_CALL,FOREBRA
TRG_ITEM:SOLICITUD_SERVICIO_DETALLE.BTN_EXCEPCION_NEGOCIO.WHEN-BUTTON-PRESSED,PU:MSG_ALERT,INTERNAL_PU_CALL,MSG_ALERT
TRG_ITEM:SOLICITUD_SERVICIO_DETALLE.BTN_TARIFA_INCORECTA.WHEN-BUTTON-PRESSED,EXT:DBAPER.F_CONVIERTE_CHAR_BOOLEAN,EXTERNAL_CALL,DBAPER.F_CONVIERTE_CHAR_BOOLEAN
TRG_ITEM:SOLICITUD_SERVICIO_DETALLE.BTN_TARIFA_INCORECTA.WHEN-BUTTON-PRESSED,EXT:FOREBRA,EXTERNAL_CALL,FOREBRA
TRG_ITEM:SOLICITUD_SERVICIO_DETALLE.BTN_TARIFA_INCORECTA.WHEN-BUTTON-PRESSED,EXT:F_VERIFICA_USUARIO,EXTERNAL_CALL,F_VERIFICA_USUARIO
TRG_ITEM:SOLICITUD_SERVICIO_DETALLE.BTN_TARIFA_INCORECTA.WHEN-BUTTON-PRESSED,PU:MSG_ALERT,INTERNAL_PU_CALL,MSG_ALERT
TRG_ITEM:SOLICITUD_SERVICIO_DETALLE.BTN_TARIFA_INCORECTA.WHEN-BUTTON-PRESSED,EXT:PKG_PARAMETRO_GENERAL_PROCESO.P_CONFIG_MENSAJE_ALERT_FORMA,EXTERNAL_CALL,PKG_PARAMETRO_GENERAL_PROCESO.P_CONFIG_MENSAJE_ALERT_FORMA
TRG_ITEM:SOLICITUD_SERVICIO_DETALLE.BTN_TARIFA_INCORECTA.WHEN-BUTTON-PRESSED,EXT:varchar2,EXTERNAL_CALL,varchar2
TRG_ITEM:SOLICITUD_SERVICIO_DETALLE.BTN_NEGOCIACION_PRESTADOR.WHEN-BUTTON-PRESSED,EXT:FOREBRA,EXTERNAL_CALL,FOREBRA
TRG_ITEM:SOLICITUD_SERVICIO_DETALLE.BTN_NEGOCIACION_PRESTADOR.WHEN-BUTTON-PRESSED,PU:MSG_ALERT,INTERNAL_PU_CALL,MSG_ALERT
TRG_ITEM:SOLICITUD_SERVICIO_DETALLE.BTN_DETALLE.WHEN-BUTTON-PRESSED,PU:MSG_ALERT,INTERNAL_PU_CALL,MSG_ALERT
TRG_ITEM:SOLICITUD_SERVICIO_DETALLE.BTN_BORRAR.WHEN-BUTTON-PRESSED,PU:MSG_ALERT,INTERNAL_PU_CALL,MSG_ALERT
TRG_ITEM:SOLICITUD_SERVICIO_DETALLE.FECHA_INDICACION.WHEN-VALIDATE-ITEM,PU:MSG_ALERT,INTERNAL_PU_CALL,MSG_ALERT
TRG_ITEM:SOLICITUD_SERVICIO_DETALLE.FECHA_INDICACION.KEY-NEXT-ITEM,PU:MSG_ALERT,INTERNAL_PU_CALL,MSG_ALERT
TRG_ITEM:SOLICITUD_SERVICIO_DETALLE.BTN_FEC_SERVICIO.WHEN-BUTTON-PRESSED,EXT:FIND_WINDOW,EXTERNAL_CALL,FIND_WINDOW
TRG_ITEM:SOLICITUD_SERVICIO_DETALLE.FECHA_INGRESO.KEY-LISTVAL,EXT:FIND_WINDOW,EXTERNAL_CALL,FIND_WINDOW
TRG_ITEM:SOLICITUD_SERVICIO_DETALLE.FECHA_INGRESO.WHEN-VALIDATE-ITEM,PU:MSG_ALERT,INTERNAL_PU_CALL,MSG_ALERT
TRG_ITEM:SOLICITUD_SERVICIO_DETALLE.FECHA_INGRESO.WHEN-VALIDATE-ITEM,PU:P_IMPRIME_MENSAJE,INTERNAL_PU_CALL,P_IMPRIME_MENSAJE
TRG_ITEM:SOLICITUD_SERVICIO_DETALLE.FECHA_EGRESO.KEY-LISTVAL,EXT:FIND_WINDOW,EXTERNAL_CALL,FIND_WINDOW
TRG_ITEM:SOLICITUD_SERVICIO_DETALLE.FECHA_EGRESO.WHEN-VALIDATE-ITEM,PU:MSG_ALERT,INTERNAL_PU_CALL,MSG_ALERT
TRG_ITEM:SOLICITUD_SERVICIO_DETALLE.FECHA_EGRESO.WHEN-VALIDATE-ITEM,PU:P_IMPRIME_MENSAJE,INTERNAL_PU_CALL,P_IMPRIME_MENSAJE
TRG_ITEM:SOLICITUD_SERVICIO_DETALLE.PB_APROBACION.WHEN-BUTTON-PRESSED,EXT:F_OBTEN_PARAMETRO_SEUS,EXTERNAL_CALL,F_OBTEN_PARAMETRO_SEUS
TRG_ITEM:SOLICITUD_SERVICIO_DETALLE.PB_APROBACION.WHEN-BUTTON-PRESSED,EXT:IN,EXTERNAL_CALL,IN
TRG_ITEM:SOLICITUD_SERVICIO_DETALLE.PB_APROBACION.WHEN-BUTTON-PRESSED,EXT:NUMBER,EXTERNAL_CALL,NUMBER
TRG_ITEM:SOLICITUD_SERVICIO_DETALLE.PB_APROBACION.WHEN-BUTTON-PRESSED,PU:P_IMPRIME_MENSAJE,INTERNAL_PU_CALL,p_imprime_mensaje
TRG_ITEM:SOLICITUD_SERVICIO_DETALLE.PB_APROBACION.WHEN-BUTTON-PRESSED,EXT:VARCHAR2,EXTERNAL_CALL,VARCHAR2
TRG_ITEM:SOLICITUD_SERVICIO_DETALLE.PB_ACEPTAR.WHEN-BUTTON-PRESSED,EXT:HIDE_WINDOW,EXTERNAL_CALL,HIDE_WINDOW
TRG_ITEM:BK_SOLICITUD_REV_MEDICA.BTN_AUTORIZA_REEMBOLSO.WHEN-BUTTON-PRESSED,PU:F_USUARIO_AUTORIZADO,INTERNAL_PU_CALL,F_USUARIO_AUTORIZADO
TRG_ITEM:BK_SOLICITUD_REV_MEDICA.BTN_AUTORIZA_REEMBOLSO.WHEN-BUTTON-PRESSED,EXT:pkg_general.p_inserta_error,EXTERNAL_CALL,pkg_general.p_inserta_error
TRG_ITEM:BK_SOLICITUD_REV_MEDICA.BTN_AUTORIZA_REEMBOLSO.WHEN-BUTTON-PRESSED,EXT:PKG_TARIFAS_URA.P_ACTUALIZA_ESTATUS_SOLICITUD,EXTERNAL_CALL,PKG_TARIFAS_URA.P_ACTUALIZA_ESTATUS_SOLICITUD
TRG_BLOCK:RESUMEN_RECLAMOS.POST-QUERY,EXT:CUR_DESC_PAREN,EXTERNAL_CALL,CUR_DESC_PAREN
TRG_BLOCK:RESUMEN_RECLAMOS.POST-QUERY,EXT:CUR_DESC_RECOMENDACION,EXTERNAL_CALL,CUR_DESC_RECOMENDACION
TRG_BLOCK:RESUMEN_RECLAMOS.POST-QUERY,EXT:CUR_NOMBRE_POL,EXTERNAL_CALL,CUR_NOMBRE_POL
TRG_BLOCK:RESUMEN_RECLAMOS.POST-QUERY,EXT:FOREBRA,EXTERNAL_CALL,FOREBRA
TRG_BLOCK:RESUMEN_RECLAMOS.POST-QUERY,EXT:IN,EXTERNAL_CALL,IN
TRG_BLOCK:RESUMEN_RECLAMOS.POST-QUERY,EXT:PKG_GENERAL.F_OBTEN_PARAMETRO_SEUS,EXTERNAL_CALL,PKG_GENERAL.F_OBTEN_PARAMETRO_SEUS
TRG_ITEM:RESUMEN_RECLAMOS.CB_SELECCIONAR.WHEN-CHECKBOX-CHANGED,EXT:EXISTS,EXTERNAL_CALL,EXISTS
TRG_ITEM:RESUMEN_RECLAMOS.CB_SELECCIONAR.WHEN-CHECKBOX-CHANGED,EXT:F_OBTEN_PARAMETRO_SEUS,EXTERNAL_CALL,F_OBTEN_PARAMETRO_SEUS
TRG_ITEM:RESUMEN_RECLAMOS.CB_SELECCIONAR.WHEN-CHECKBOX-CHANGED,EXT:IN,EXTERNAL_CALL,IN
TRG_ITEM:RESUMEN_RECLAMOS.CB_SELECCIONAR.WHEN-CHECKBOX-CHANGED,EXT:NUMBER,EXTERNAL_CALL,NUMBER
TRG_ITEM:RESUMEN_RECLAMOS.CB_SELECCIONAR.WHEN-CHECKBOX-CHANGED,EXT:PKG_GENERAL.F_OBTEN_PARAMETRO_SEUS,EXTERNAL_CALL,PKG_GENERAL.F_OBTEN_PARAMETRO_SEUS
TRG_ITEM:RESUMEN_RECLAMOS.CB_SELECCIONAR.WHEN-CHECKBOX-CHANGED,PU:P_IMPRIME_MENSAJE,INTERNAL_PU_CALL,p_imprime_mensaje
TRG_ITEM:RESUMEN_RECLAMOS.CB_SELECCIONAR.WHEN-CHECKBOX-CHANGED,EXT:VARCHAR2,EXTERNAL_CALL,VARCHAR2
TRG_ITEM:RESUMEN_RECLAMOS.BTN_COMENTARIO.WHEN-BUTTON-PRESSED,PU:MSG_ALERT,INTERNAL_PU_CALL,MSG_ALERT
TRG_ITEM:RESUMEN_RECLAMOS.BTN_SOL_INF.WHEN-BUTTON-PRESSED,EXT:C_EXISTE_SOL_PAG,EXTERNAL_CALL,C_EXISTE_SOL_PAG
TRG_ITEM:RESUMEN_RECLAMOS.BTN_SOL_INF.WHEN-BUTTON-PRESSED,PU:MSG_ALERT,INTERNAL_PU_CALL,MSG_ALERT
TRG_ITEM:RESUMEN_RECLAMOS.BTN_SOL_INF.WHEN-BUTTON-PRESSED,EXT:PKG_GENERAL.F_OBTEN_PARAMETRO_SEUS,EXTERNAL_CALL,PKG_GENERAL.F_OBTEN_PARAMETRO_SEUS
TRG_ITEM:RESUMEN_RECLAMOS.BTN_SOL_INF.WHEN-BUTTON-PRESSED,EXT:VARCHAR2,EXTERNAL_CALL,VARCHAR2
TRG_ITEM:RESUMEN_RECLAMOS.BTN_EDITAR.WHEN-BUTTON-PRESSED,EXT:F_OBTEN_PARAMETRO_SEUS,EXTERNAL_CALL,F_OBTEN_PARAMETRO_SEUS
TRG_ITEM:RESUMEN_RECLAMOS.BTN_EDITAR.WHEN-BUTTON-PRESSED,EXT:IN,EXTERNAL_CALL,IN
TRG_ITEM:RESUMEN_RECLAMOS.BTN_EDITAR.WHEN-BUTTON-PRESSED,PU:MSG_ALERT,INTERNAL_PU_CALL,MSG_ALERT
TRG_ITEM:RESUMEN_RECLAMOS.BTN_EDITAR.WHEN-BUTTON-PRESSED,EXT:NUMBER,EXTERNAL_CALL,NUMBER
TRG_ITEM:RESUMEN_RECLAMOS.BTN_EDITAR.WHEN-BUTTON-PRESSED,EXT:PKG_GENERAL.F_OBTEN_PARAMETRO_SEUS,EXTERNAL_CALL,PKG_GENERAL.F_OBTEN_PARAMETRO_SEUS
TRG_ITEM:RESUMEN_RECLAMOS.BTN_EDITAR.WHEN-BUTTON-PRESSED,PU:P_HABILITA_BLOQ_SERV,INTERNAL_PU_CALL,P_HABILITA_BLOQ_SERV
TRG_ITEM:RESUMEN_RECLAMOS.BTN_EDITAR.WHEN-BUTTON-PRESSED,PU:P_IMPRIME_MENSAJE,INTERNAL_PU_CALL,p_imprime_mensaje
TRG_ITEM:RESUMEN_RECLAMOS.BTN_EDITAR.WHEN-BUTTON-PRESSED,PU:P_RESTRICCIONES_SERV,INTERNAL_PU_CALL,p_restricciones_serv
TRG_ITEM:RESUMEN_RECLAMOS.BTN_EDITAR.WHEN-BUTTON-PRESSED,EXT:varchar2,EXTERNAL_CALL,varchar2
TRG_ITEM:RESUMEN_RECLAMOS.BTN_CARTA_DECL.WHEN-BUTTON-PRESSED,EXT:C_EXISTE_SOL_PAG,EXTERNAL_CALL,C_EXISTE_SOL_PAG
TRG_ITEM:RESUMEN_RECLAMOS.BTN_CARTA_DECL.WHEN-BUTTON-PRESSED,PU:MSG_ALERT,INTERNAL_PU_CALL,MSG_ALERT
TRG_ITEM:RESUMEN_RECLAMOS.BTN_CARTA_DECL.WHEN-BUTTON-PRESSED,EXT:PKG_GENERAL.F_OBTEN_PARAMETRO_SEUS,EXTERNAL_CALL,PKG_GENERAL.F_OBTEN_PARAMETRO_SEUS
TRG_ITEM:RESUMEN_RECLAMOS.BTN_CARTA_DECL.WHEN-BUTTON-PRESSED,PU:P_INSERTA_EN_RECL_RECHAZO,INTERNAL_PU_CALL,P_INSERTA_EN_RECL_RECHAZO
TRG_ITEM:RESUMEN_RECLAMOS.BTN_RECP_DOC.WHEN-BUTTON-PRESSED,EXT:IN,EXTERNAL_CALL,IN
TRG_ITEM:RESUMEN_RECLAMOS.BTN_RECP_DOC.WHEN-BUTTON-PRESSED,PU:MSG_ALERT,INTERNAL_PU_CALL,MSG_ALERT
TRG_ITEM:RESUMEN_RECLAMOS.BTN_RECP_DOC.WHEN-BUTTON-PRESSED,EXT:PKG_GENERAL.F_OBTEN_PARAMETRO_SEUS,EXTERNAL_CALL,PKG_GENERAL.F_OBTEN_PARAMETRO_SEUS
TRG_ITEM:RESUMEN_RECLAMOS.BTN_HIST_CAR.WHEN-BUTTON-PRESSED,PU:MSG_ALERT,INTERNAL_PU_CALL,MSG_ALERT
TRG_BLOCK:APLICA_ENDOSO.WHEN-NEW-BLOCK-INSTANCE,EXT:FOREBRA,EXTERNAL_CALL,FOREBRA
TRG_BLOCK:APLICA_ENDOSO.WHEN-NEW-BLOCK-INSTANCE,EXT:REEMBOLSO.PKG_BUSCA_INFO_ASE.P_BUSCA_ENDOSO_LOCAL,EXTERNAL_CALL,REEMBOLSO.PKG_BUSCA_INFO_ASE.P_BUSCA_ENDOSO_LOCAL
TRG_BLOCK:APLICA_ENDOSO.WHEN-NEW-BLOCK-INSTANCE,EXT:REEMBOLSO.PKG_BUSCA_INFO_ASE.P_BUSCA_PLANES,EXTERNAL_CALL,REEMBOLSO.PKG_BUSCA_INFO_ASE.P_BUSCA_PLANES
TRG_BLOCK:APLICA_ENDOSO.WHEN-NEW-BLOCK-INSTANCE,EXT:REEMBOLSO.P_BUSCA_ENDOSO_INT_2,EXTERNAL_CALL,REEMBOLSO.P_BUSCA_ENDOSO_INT_2
TRG_BLOCK:APLICA_ENDOSO.WHEN-NEW-BLOCK-INSTANCE,EXT:REEMBOLSO.P_ELIMINA_TABLAS_TPA_TEL,EXTERNAL_CALL,REEMBOLSO.P_ELIMINA_TABLAS_TPA_TEL
TRG_ITEM:APLICA_ENDOSO.BTN_APLICAR.WHEN-BUTTON-PRESSED,EXT:C_DESC_RAZON,EXTERNAL_CALL,C_DESC_RAZON
TRG_ITEM:APLICA_ENDOSO.BTN_APLICAR.WHEN-BUTTON-PRESSED,EXT:PKG_GENERAL.F_OBTEN_PARAMETRO_SEUS,EXTERNAL_CALL,PKG_GENERAL.F_OBTEN_PARAMETRO_SEUS
TRG_ITEM:APLICA_ENDOSO.BTN_APLICAR.WHEN-BUTTON-PRESSED,PU:P_IMPRIME_MENSAJE,INTERNAL_PU_CALL,p_imprime_mensaje
TRG_ITEM:APLICA_ENDOSO.BTN_APLICAR.WHEN-BUTTON-PRESSED,PU:P_MANEJA_HABILITA_COB_ESTATUS,INTERNAL_PU_CALL,P_MANEJA_HABILITA_COB_ESTATUS
TRG_ITEM:APLICA_ENDOSO.BTN_APLICAR.WHEN-BUTTON-PRESSED,EXT:REEMBOLSO.P_ACTUALIZA_COB_SOL,EXTERNAL_CALL,REEMBOLSO.P_ACTUALIZA_COB_SOL
TRG_ITEM:APLICA_ENDOSO.BTN_APLICAR.WHEN-BUTTON-PRESSED,EXT:REEMBOLSO.P_INSERTA_COB_SOL_EX,EXTERNAL_CALL,REEMBOLSO.P_INSERTA_COB_SOL_EX
TRG_ITEM:APLICA_ENDOSO.BTN_APLICAR.WHEN-BUTTON-PRESSED,EXT:VARCHAR2,EXTERNAL_CALL,VARCHAR2
TRG_ITEM:DOCUMENTO_PENDIENTES.ENTREGADO.WHEN-CHECKBOX-CHANGED,EXT:IN,EXTERNAL_CALL,IN
TRG_ITEM:DOCUMENTO_PENDIENTES.ENTREGADO.WHEN-CHECKBOX-CHANGED,PU:MSG_ALERT,INTERNAL_PU_CALL,MSG_ALERT
TRG_ITEM:DOCUMENTO_PENDIENTES.ENTREGADO.WHEN-CHECKBOX-CHANGED,EXT:PKG_GENERAL.F_OBTEN_PARAMETRO_SEUS,EXTERNAL_CALL,PKG_GENERAL.F_OBTEN_PARAMETRO_SEUS
TRG_ITEM:HISTORICO_CARTAS.BTN_IMP_HIS_CAR.WHEN-BUTTON-PRESSED,EXT:CUR_NOM_DEP,EXTERNAL_CALL,CUR_NOM_DEP
TRG_ITEM:HISTORICO_CARTAS.BTN_IMP_HIS_CAR.WHEN-BUTTON-PRESSED,EXT:CUR_NOM_TIT,EXTERNAL_CALL,CUR_NOM_TIT
TRG_ITEM:HISTORICO_CARTAS.BTN_IMP_HIS_CAR.WHEN-BUTTON-PRESSED,EXT:C_NOMBRE_CLIENTE,EXTERNAL_CALL,C_NOMBRE_CLIENTE
TRG_ITEM:HISTORICO_CARTAS.BTN_IMP_HIS_CAR.WHEN-BUTTON-PRESSED,EXT:IN,EXTERNAL_CALL,IN
TRG_ITEM:HISTORICO_CARTAS.BTN_IMP_HIS_CAR.WHEN-BUTTON-PRESSED,EXT:initcap,EXTERNAL_CALL,initcap
TRG_ITEM:HISTORICO_CARTAS.BTN_IMP_HIS_CAR.WHEN-BUTTON-PRESSED,EXT:PKG_GENERAL.F_OBTEN_PARAMETRO_SEUS,EXTERNAL_CALL,PKG_GENERAL.F_OBTEN_PARAMETRO_SEUS
TRG_ITEM:HISTORICO_CARTAS.BTN_IMP_HIS_CAR.WHEN-BUTTON-PRESSED,EXT:PKG_REPORTE_SVC.carta_declinacion_inf,EXTERNAL_CALL,PKG_REPORTE_SVC.carta_declinacion_inf
TRG_ITEM:HISTORICO_CARTAS.BTN_IMP_HIS_CAR.WHEN-BUTTON-PRESSED,EXT:PKG_REPORTE_SVC.carta_informacion_inf,EXTERNAL_CALL,PKG_REPORTE_SVC.carta_informacion_inf
TRG_ITEM:HISTORICO_CARTAS.BTN_IMP_HIS_CAR.WHEN-BUTTON-PRESSED,EXT:varchar2,EXTERNAL_CALL,varchar2
TRG_ITEM:HISTORICO_CARTAS.BTN_IMP_HIS_CAR.WHEN-BUTTON-PRESSED,EXT:VARCHAR2,EXTERNAL_CALL,VARCHAR2
TRG_ITEM:HISTORICO_CARTAS.BTN_IMP_HIS_CAR.WHEN-BUTTON-PRESSED,EXT:Z.CODIGO,EXTERNAL_CALL,Z.CODIGO
TRG_ITEM:COBRO_INDEBIDO.BTN_APLICAR.WHEN-BUTTON-PRESSED,EXT:PKG_GENERAL.F_OBTEN_PARAMETRO_SEUS,EXTERNAL_CALL,PKG_GENERAL.F_OBTEN_PARAMETRO_SEUS
TRG_ITEM:COBRO_INDEBIDO.BTN_APLICAR.WHEN-BUTTON-PRESSED,PU:P_IMPRIME_MENSAJE,INTERNAL_PU_CALL,p_imprime_mensaje
TRG_ITEM:COBRO_INDEBIDO.BTN_APLICAR.WHEN-BUTTON-PRESSED,PU:P_MANEJA_HABILITA_COB_ESTATUS,INTERNAL_PU_CALL,P_MANEJA_HABILITA_COB_ESTATUS
TRG_ITEM:COBRO_INDEBIDO.BTN_APLICAR.WHEN-BUTTON-PRESSED,EXT:REEMBOLSO.P_INSERTA_COB_SOL_EX,EXTERNAL_CALL,REEMBOLSO.P_INSERTA_COB_SOL_EX
TRG_ITEM:COBRO_INDEBIDO.BTN_APLICAR.WHEN-BUTTON-PRESSED,EXT:VARCHAR2,EXTERNAL_CALL,VARCHAR2
TRG_ITEM:EXCEPCION_NEGOCIO.BTN_APLICAR.WHEN-BUTTON-PRESSED,EXT:PKG_GENERAL.F_OBTEN_PARAMETRO_SEUS,EXTERNAL_CALL,PKG_GENERAL.F_OBTEN_PARAMETRO_SEUS
TRG_ITEM:EXCEPCION_NEGOCIO.BTN_APLICAR.WHEN-BUTTON-PRESSED,PU:P_IMPRIME_MENSAJE,INTERNAL_PU_CALL,p_imprime_mensaje
TRG_ITEM:EXCEPCION_NEGOCIO.BTN_APLICAR.WHEN-BUTTON-PRESSED,PU:P_MANEJA_HABILITA_COB_ESTATUS,INTERNAL_PU_CALL,P_MANEJA_HABILITA_COB_ESTATUS
TRG_ITEM:EXCEPCION_NEGOCIO.BTN_APLICAR.WHEN-BUTTON-PRESSED,EXT:REEMBOLSO.P_ACTUALIZA_COB_SOL,EXTERNAL_CALL,REEMBOLSO.P_ACTUALIZA_COB_SOL
TRG_ITEM:EXCEPCION_NEGOCIO.BTN_APLICAR.WHEN-BUTTON-PRESSED,EXT:REEMBOLSO.P_INSERTA_COB_SOL_EX,EXTERNAL_CALL,REEMBOLSO.P_INSERTA_COB_SOL_EX
TRG_ITEM:EXCEPCION_NEGOCIO.BTN_APLICAR.WHEN-BUTTON-PRESSED,EXT:VARCHAR2,EXTERNAL_CALL,VARCHAR2
TRG_ITEM:TARIFA_INCORRECTA.BTN_APLICAR.WHEN-BUTTON-PRESSED,EXT:PKG_GENERAL.F_OBTEN_PARAMETRO_SEUS,EXTERNAL_CALL,PKG_GENERAL.F_OBTEN_PARAMETRO_SEUS
TRG_ITEM:TARIFA_INCORRECTA.BTN_APLICAR.WHEN-BUTTON-PRESSED,PU:P_IMPRIME_MENSAJE,INTERNAL_PU_CALL,p_imprime_mensaje
TRG_ITEM:TARIFA_INCORRECTA.BTN_APLICAR.WHEN-BUTTON-PRESSED,PU:P_MANEJA_HABILITA_COB_ESTATUS,INTERNAL_PU_CALL,P_MANEJA_HABILITA_COB_ESTATUS
TRG_ITEM:TARIFA_INCORRECTA.BTN_APLICAR.WHEN-BUTTON-PRESSED,EXT:REEMBOLSO.P_INSERTA_COB_SOL_EX,EXTERNAL_CALL,REEMBOLSO.P_INSERTA_COB_SOL_EX
TRG_ITEM:TARIFA_INCORRECTA.BTN_APLICAR.WHEN-BUTTON-PRESSED,EXT:VARCHAR2,EXTERNAL_CALL,VARCHAR2
TRG_ITEM:NEGOCIACION_PRESTADOR.BTN_APLICAR.WHEN-BUTTON-PRESSED,EXT:PKG_GENERAL.F_OBTEN_PARAMETRO_SEUS,EXTERNAL_CALL,PKG_GENERAL.F_OBTEN_PARAMETRO_SEUS
TRG_ITEM:NEGOCIACION_PRESTADOR.BTN_APLICAR.WHEN-BUTTON-PRESSED,PU:P_IMPRIME_MENSAJE,INTERNAL_PU_CALL,p_imprime_mensaje
TRG_ITEM:NEGOCIACION_PRESTADOR.BTN_APLICAR.WHEN-BUTTON-PRESSED,PU:P_MANEJA_HABILITA_COB_ESTATUS,INTERNAL_PU_CALL,P_MANEJA_HABILITA_COB_ESTATUS
TRG_ITEM:NEGOCIACION_PRESTADOR.BTN_APLICAR.WHEN-BUTTON-PRESSED,EXT:REEMBOLSO.P_INSERTA_COB_SOL_EX,EXTERNAL_CALL,REEMBOLSO.P_INSERTA_COB_SOL_EX
TRG_ITEM:NEGOCIACION_PRESTADOR.BTN_APLICAR.WHEN-BUTTON-PRESSED,EXT:VARCHAR2,EXTERNAL_CALL,VARCHAR2
TRG_BLOCK:DETALLE_COBERTURA.WHEN-NEW-BLOCK-INSTANCE,EXT:NUMBER,EXTERNAL_CALL,NUMBER
TRG_BLOCK:DETALLE_COBERTURA.WHEN-NEW-BLOCK-INSTANCE,EXT:VARCHAR,EXTERNAL_CALL,VARCHAR
TRG_BLOCK:DETALLE_COBERTURA.WHEN-NEW-BLOCK-INSTANCE,EXT:VARCHAR2,EXTERNAL_CALL,VARCHAR2
TRG_ITEM:MOTIVOS_ANULACION.BTN_GUARDAR.WHEN-BUTTON-PRESSED,EXT:FOREBRA,EXTERNAL_CALL,FOREBRA
TRG_ITEM:MOTIVOS_ANULACION.BTN_GUARDAR.WHEN-BUTTON-PRESSED,EXT:GO_RECORD,EXTERNAL_CALL,GO_RECORD
TRG_ITEM:MOTIVOS_ANULACION.BTN_GUARDAR.WHEN-BUTTON-PRESSED,PU:MSG_ALERT,INTERNAL_PU_CALL,MSG_ALERT
TRG_ITEM:MOTIVOS_ANULACION.BTN_GUARDAR.WHEN-BUTTON-PRESSED,PU:P_ANULA_RECLAMACION,INTERNAL_PU_CALL,P_ANULA_RECLAMACION
TRG_ITEM:MOTIVOS_ANULACION.BTN_GUARDAR.WHEN-BUTTON-PRESSED,PU:P_IMPRIME_MENSAJE,INTERNAL_PU_CALL,p_imprime_mensaje
TRG_ITEM:MOTIVOS_ANULACION.BTN_GUARDAR.WHEN-BUTTON-PRESSED,EXT:REEMBOLSO.P_ANULAR_SOL_SER,EXTERNAL_CALL,REEMBOLSO.P_ANULAR_SOL_SER
TRG_ITEM:MOTIVOS_ANULACION.BTN_GUARDAR.WHEN-BUTTON-PRESSED,EXT:REEMBOLSO.P_INSERTA_MOT_ANU,EXTERNAL_CALL,REEMBOLSO.P_INSERTA_MOT_ANU
TRG_ITEM:MOTIVOS_ANULACION.BTN_GUARDAR.WHEN-BUTTON-PRESSED,EXT:VARCHAR,EXTERNAL_CALL,VARCHAR
TRG_ITEM:COMENTARIO.BTN_COMENTAR.WHEN-BUTTON-PRESSED,PU:P_IMPRIME_MENSAJE,INTERNAL_PU_CALL,p_imprime_mensaje
TRG_ITEM:COMENTARIO.BTN_COMENTAR.WHEN-BUTTON-PRESSED,EXT:P_INSERTA_COMENTARIO,EXTERNAL_CALL,P_INSERTA_COMENTARIO
TRG_ITEM:COMENTARIO.BTN_COMENTAR.WHEN-BUTTON-PRESSED,EXT:VARCHAR2,EXTERNAL_CALL,VARCHAR2
TRG_BLOCK:COMENTARIO_CON.WHEN-MOUSE-CLICK,EXT:FOREBRA,EXTERNAL_CALL,FOREBRA
TRG_ITEM:MSG_BLOQUEO.PB_CERRAR.WHEN-BUTTON-PRESSED,EXT:IN,EXTERNAL_CALL,IN
TRG_ITEM:WEBUTIL.DUMMY.WHEN-BUTTON-PRESSED,EXT:WebUtil_Core.ShowBeans,EXTERNAL_CALL,WebUtil_Core.ShowBeans
TRG_ITEM:WEBUTIL.WEBUTIL_CLIENTINFO_FUNCTIONS.WHEN-CUSTOM-ITEM-EVENT,EXT:WEBUTIL_CORE.CustomEventHandler,EXTERNAL_CALL,WEBUTIL_CORE.CustomEventHandler
TRG_ITEM:WEBUTIL.WEBUTIL_FILE_FUNCTIONS.WHEN-CUSTOM-ITEM-EVENT,EXT:WEBUTIL_CORE.CustomEventHandler,EXTERNAL_CALL,WEBUTIL_CORE.CustomEventHandler
TRG_ITEM:WEBUTIL.WEBUTIL_HOST_FUNCTIONS.WHEN-CUSTOM-ITEM-EVENT,EXT:WEBUTIL_CORE.CustomEventHandler,EXTERNAL_CALL,WEBUTIL_CORE.CustomEventHandler
TRG_ITEM:WEBUTIL.WEBUTIL_SESSION_FUNCTIONS.WHEN-CUSTOM-ITEM-EVENT,EXT:WEBUTIL_CORE.CustomEventHandler,EXTERNAL_CALL,WEBUTIL_CORE.CustomEventHandler
TRG_ITEM:WEBUTIL.WEBUTIL_FILETRANSFER_FUNCTIONS.WHEN-CUSTOM-ITEM-EVENT,EXT:WEBUTIL_CORE.CustomEventHandler,EXTERNAL_CALL,WEBUTIL_CORE.CustomEventHandler
TRG_ITEM:WEBUTIL.WEBUTIL_OLE_FUNCTIONS.WHEN-CUSTOM-ITEM-EVENT,EXT:WEBUTIL_CORE.CustomEventHandler,EXTERNAL_CALL,WEBUTIL_CORE.CustomEventHandler
TRG_ITEM:WEBUTIL.WEBUTIL_C_API_FUNCTIONS.WHEN-CUSTOM-ITEM-EVENT,EXT:WEBUTIL_CORE.CustomEventHandler,EXTERNAL_CALL,WEBUTIL_CORE.CustomEventHandler
TRG_ITEM:WEBUTIL.WEBUTIL_BROWSER_FUNCTIONS.WHEN-CUSTOM-ITEM-EVENT,EXT:WEBUTIL_CORE.CustomEventHandler,EXTERNAL_CALL,WEBUTIL_CORE.CustomEventHandler
TRG_BLOCK:CALENDAR.WHEN-RADIO-CHANGED,EXT:calendar.event,EXTERNAL_CALL,calendar.event
TRG_BLOCK:CALENDAR.WHEN-BUTTON-PRESSED,EXT:calendar.event,EXTERNAL_CALL,calendar.event
TRG_BLOCK:CALENDAR.WHEN-LIST-CHANGED,EXT:calendar.event,EXTERNAL_CALL,calendar.event
TRG_BLOCK:CALENDAR.WHEN-MOUSE-CLICK,EXT:calendar.event,EXTERNAL_CALL,calendar.event
TRG_BLOCK:CALENDAR.KEY-DOWN,EXT:calendar.event,EXTERNAL_CALL,calendar.event
TRG_BLOCK:CALENDAR.KEY-UP,EXT:calendar.event,EXTERNAL_CALL,calendar.event
TRG_BLOCK:CALENDAR.KEY-NXTREC,EXT:calendar.event,EXTERNAL_CALL,calendar.event
TRG_BLOCK:CALENDAR.KEY-PRVREC,EXT:calendar.event,EXTERNAL_CALL,calendar.event
TRG_BLOCK:CALENDAR.WHEN-MOUSE-DOUBLECLICK,EXT:calendar.event,EXTERNAL_CALL,calendar.event
